doi,publication_year,original_submission_date,acceptance_date,publication_date,disruption,disruption_z,high_disruption,review_round_count,review_comment_round_count,total_review_days,reviewer_editor_processing_days,author_response_days_total,review_comment_total_sentences,author_response_total_words,author_response_total_sentences,article_words,reference_count,team_size,institution_count,log_article_words,log_reference_count,log_team_size,log_institution_count
10.1371/journal.pone.0224366,2019,2019-05-28,2019-10-15,2019-10-24,-5.172214861762611e-05,0.0772779690400033,0,3,2,140.0,44,85,131,4900,278,3418.0,66,6,3,8.137103389639302,4.204692619390966,1.9459101490553128,1.3862943611198906
10.1371/journal.pone.0224392,2019,2019-07-14,2019-10-21,2019-10-29,-0.0064167510976021,-1.1164121804977567,0,3,3,99.0,45,20,80,2767,144,1981.0,46,9,5,7.591861714889934,3.8501476017100575,2.302585092994046,1.791759469228055
10.1371/journal.pone.0224727,2019,2019-07-09,2019-10-29,2019-11-08,-7.240081088908195e-05,0.0733999166922613,0,2,2,112.0,54,51,61,2170,144,917.0,24,15,1,6.822197390620491,3.218875824868201,2.772588722239781,0.6931471805599453
10.1371/journal.pone.0225592,2019,2019-06-11,2019-11-14,2019-11-22,-0.0001721763085399,0.0546881355416019,0,2,2,156.0,212,-62,106,3083,199,1430.0,67,6,1,7.266128779556451,4.219507705176107,1.9459101490553128,0.6931471805599453
10.1371/journal.pone.0224892,2019,2019-06-18,2019-10-29,2019-11-07,0.0007898894154818,0.235112826014666,1,3,2,133.0,45,70,125,4239,264,1266.0,47,9,2,7.144407180321139,3.871201010907891,2.302585092994046,1.0986122886681098
10.1371/journal.pone.0226052,2020,2019-11-18,2020-07-13,2020-08-05,-0.0006662225183211,-0.0379647178482283,0,3,2,238.0,119,44,46,4760,191,1353.0,34,6,2,7.21081845347222,3.555348061489413,1.9459101490553128,1.0986122886681098
10.1371/journal.pone.0227977,2020,2019-09-08,2020-01-16,2020-01-24,-0.0004059639799232,0.0108438667016085,0,4,3,130.0,34,46,228,9884,594,2330.0,89,2,1,7.754052639035757,4.499809670330265,1.0986122886681098,0.6931471805599453
10.1371/journal.pone.0228349,2020,2019-07-08,2020-01-17,2020-01-27,-0.0021356113187399,-0.3135321898831942,0,3,2,193.0,59,81,183,5415,314,1396.0,36,6,2,7.242082359256962,3.610917912644224,1.9459101490553128,1.0986122886681098
10.1371/journal.pone.0230673,2020,2019-09-19,2020-03-10,2020-03-23,-0.0021138619182401,-0.3094533325295124,0,3,2,173.0,135,26,100,4626,251,2925.0,78,5,2,7.98139158158007,4.3694478524670215,1.791759469228055,1.0986122886681098
10.1371/journal.pone.0231588,2020,2019-11-21,2020-05-04,2020-05-18,-0.0009225092250922,-0.0860284296996795,0,2,2,165.0,79,48,63,3880,166,6239.0,73,11,7,8.738735461363474,4.30406509320417,2.4849066497880004,2.079441541679836
10.1371/journal.pone.0231590,2020,2019-11-14,2020-04-03,2020-04-16,-0.0003373819163292,0.0237056673946268,0,4,3,141.0,55,26,58,4909,285,1297.0,58,9,6,7.168579897264035,4.07753744390572,2.302585092994046,1.9459101490553128
10.1371/journal.pone.0232351,2020,2019-11-07,2020-04-17,2020-04-30,-0.0002378580879182,0.0423702507878337,0,3,3,162.0,59,44,102,2312,133,1633.0,78,6,2,7.3987862754199485,4.3694478524670215,1.9459101490553128,1.0986122886681098
10.1371/journal.pone.0232681,2020,2019-07-17,2020-04-29,2020-05-14,1.736533185149168e-05,0.0902345550278056,0,2,2,287.0,134,145,100,5931,285,1482.0,33,6,1,7.301822342137932,3.5263605246161616,1.9459101490553128,0.6931471805599453
10.1371/journal.pone.0233041,2020,2019-06-19,2020-05-04,2020-05-26,-0.0002903178980984,0.0325319988080502,0,3,2,320.0,162,57,94,5639,266,2483.0,46,5,3,7.81762544305337,3.8501476017100575,1.791759469228055,1.3862943611198906
10.1371/journal.pone.0233311,2020,2020-01-08,2020-05-28,2020-06-11,0.0001120179228676,0.1079855922076415,0,2,2,141.0,85,32,87,3658,158,5141.0,27,2,2,8.545197387825835,3.332204510175204,1.0986122886681098,1.0986122886681098
10.1371/journal.pone.0234027,2020,2019-07-10,2020-05-26,2020-06-04,-0.0011760782179781,-0.1335824646399921,0,3,3,321.0,128,157,187,5388,264,3674.0,71,10,5,8.209308411646937,4.276666119016055,2.3978952727983707,1.791759469228055
10.1371/journal.pone.0234121,2020,2019-11-20,2020-05-27,2020-06-04,-0.0003162666479249,0.0276656003503253,0,3,2,189.0,116,54,91,3249,154,1123.0,47,3,3,7.024649030453636,3.871201010907891,1.3862943611198906,1.3862943611198906
10.1371/journal.pone.0235209,2020,2019-11-29,2020-06-17,2020-06-29,-0.0024981631153563,-0.3815247334814856,0,3,3,201.0,69,106,125,7406,347,4192.0,61,3,2,8.341171747170762,4.127134385045092,1.3862943611198906,1.0986122886681098
10.1371/journal.pone.0235606,2020,2019-11-25,2020-06-23,2020-07-02,-0.0006066734074823,-0.0267969466421997,0,3,3,211.0,166,18,87,3952,185,1463.0,46,9,3,7.288927694521257,3.8501476017100575,2.302585092994046,1.3862943611198906
10.1371/journal.pone.0235756,2020,2019-12-24,2020-07-08,2020-07-23,0.0,0.0869778808255796,0,4,4,197.0,112,17,79,4332,211,2921.0,46,2,1,7.980023592310645,3.8501476017100575,1.0986122886681098,0.6931471805599453
10.1371/journal.pone.0236133,2020,2020-03-23,2020-07-07,2020-07-20,-0.0015915503146929,-0.2114996199634385,0,2,2,106.0,43,56,99,7669,377,1525.0,61,6,1,7.330405211844402,4.127134385045092,1.9459101490553128,0.6931471805599453
10.1371/journal.pone.0236703,2020,2020-01-22,2020-07-17,2020-08-12,-3.749548882400086e-05,0.079946020323444,0,3,2,177.0,119,42,139,7556,371,5736.0,61,14,7,8.654691704601872,4.127134385045092,2.70805020110221,2.079441541679836
10.1371/journal.pone.0236791,2020,2019-11-28,2020-07-17,2020-08-06,-3.563849028227466e-06,0.0863095207107189,0,3,2,232.0,149,62,150,5564,249,2484.0,58,6,3,7.818027938530729,4.07753744390572,1.9459101490553128,1.3862943611198906
10.1371/journal.pone.0236994,2020,2019-12-30,2020-08-11,2020-08-27,8.821609414421567e-05,0.1035218248444747,0,3,2,225.0,146,46,85,4591,194,2925.0,50,5,3,7.98139158158007,3.9318256327243257,1.791759469228055,1.3862943611198906
10.1371/journal.pone.0237001,2020,2020-02-04,2020-07-23,2020-08-13,-0.0001373626373626,0.0612170510715493,0,4,3,170.0,68,29,142,7448,294,2466.0,61,8,7,7.810758116529357,4.127134385045092,2.19722457733622,2.079441541679836
10.1371/journal.pone.0237829,2020,2020-07-30,2020-11-24,2020-12-03,-2.4045542257034825e-05,0.0824684077088711,0,3,2,117.0,66,36,141,6409,284,2964.0,95,5,2,7.994632311431825,4.564348191467836,1.791759469228055,1.0986122886681098
10.1371/journal.pone.0237933,2020,2020-03-10,2020-08-11,2020-08-21,-0.0002756339581036,0.0352858078902529,0,3,3,154.0,82,50,65,3352,179,4079.0,65,8,6,8.313852267398207,4.189654742026425,2.19722457733622,1.9459101490553128
10.1371/journal.pone.0238471,2020,2020-05-06,2020-08-19,2020-09-01,-0.0033757173399347,-0.5461002353307921,0,3,2,105.0,60,37,121,8372,297,2830.0,73,5,4,7.9483852851118995,4.30406509320417,1.791759469228055,1.6094379124341005
10.1371/journal.pone.0238715,2020,2020-03-28,2020-08-26,2020-09-08,-7.797574954189247e-05,0.0723543991608448,0,2,2,151.0,106,43,75,2065,117,3452.0,48,5,2,8.146998697389993,3.8918202981106265,1.791759469228055,1.0986122886681098
10.1371/journal.pone.0238730,2020,2020-02-26,2020-08-31,2020-09-11,-0.0007102272727272,-0.0462173184708493,0,3,2,187.0,145,31,104,5801,260,2509.0,26,5,1,7.828038032125829,3.295836866004329,1.791759469228055,0.6931471805599453
10.1371/journal.pone.0238848,2020,2020-01-05,2020-09-11,2020-09-21,0.0,0.0869778808255796,0,3,3,250.0,91,46,89,5692,186,465.0,125,3,2,6.144185634125646,4.836281906951478,1.3862943611198906,1.0986122886681098
10.1371/journal.pone.0240662,2020,2020-03-13,2020-10-15,2020-10-29,-0.0003354241438298,0.0240728257793412,0,4,3,216.0,88,69,100,2780,193,1400.0,34,7,1,7.244941546337007,3.555348061489413,2.079441541679836,0.6931471805599453
10.1371/journal.pone.0241573,2020,2020-05-24,2020-10-23,2020-11-04,3.6001526464722105e-06,0.0876530492789158,0,3,3,152.0,85,43,36,1486,49,3862.0,97,4,3,8.259199362666282,4.584967478670572,1.6094379124341005,1.3862943611198906
10.1371/journal.pone.0241636,2020,2020-06-18,2020-10-28,2020-11-06,0.0,0.0869778808255796,0,4,3,132.0,42,27,70,3611,151,731.0,41,10,3,6.595780513961311,3.737669618283368,2.3978952727983707,1.3862943611198906
10.1371/journal.pone.0241901,2020,2020-06-23,2020-10-28,2020-11-19,-7.924034918580541e-05,0.0721172376097903,0,4,3,127.0,51,41,269,10939,590,2458.0,74,7,1,7.807510042216193,4.31748811353631,2.079441541679836,0.6931471805599453
10.1371/journal.pone.0242365,2020,2020-05-16,2020-11-06,2020-11-16,0.0001197748233321,0.1094403123274762,0,3,3,174.0,85,50,49,5435,339,1379.0,48,12,3,7.22983877815125,3.8918202981106265,2.5649493574615367,1.3862943611198906
10.1371/journal.pone.0242544,2020,2020-04-01,2020-11-12,2020-11-25,-0.000168956972291,0.0552918861292524,0,3,2,225.0,152,64,103,3287,186,1046.0,69,15,4,6.953684210870537,4.248495242049359,2.772588722239781,1.6094379124341005
10.1371/journal.pone.0242931,2020,2020-05-26,2020-11-16,2020-11-30,-0.0009244992295839,-0.0864016328348604,0,2,2,174.0,83,87,123,7296,353,777.0,45,6,2,6.656726524178391,3.828641396489095,1.9459101490553128,1.0986122886681098
10.1371/journal.pone.0243421,2020,2020-09-01,2020-11-25,2020-12-03,-0.0076645626690712,-1.350425315910054,0,2,2,85.0,71,12,102,2949,187,1200.0,22,8,1,7.090909822079984,3.1354942159291497,2.19722457733622,0.6931471805599453
10.1371/journal.pone.0243609,2020,2020-04-07,2020-11-27,2020-12-04,1.8175539359130483e-05,0.0903865004044412,0,3,3,234.0,148,44,120,4075,225,2267.0,31,13,1,7.726653664847642,3.4657359027997265,2.6390573296152584,0.6931471805599453
10.1371/journal.pone.0244539,2020,2019-10-09,2020-12-22,2020-12-31,-0.006936416184971,-1.2138695684880982,0,5,4,440.0,96,45,244,3372,128,1678.0,47,8,9,7.425953657077541,3.871201010907891,2.19722457733622,2.302585092994046
10.1371/journal.pone.0235598,2020,2019-09-25,2020-06-24,2020-07-23,0.0013793103448275,0.3456521437350685,1,6,5,273.0,50,34,62,5805,304,712.0,28,7,5,6.569481420414296,3.367295829986474,2.079441541679836,1.791759469228055
10.1371/journal.pone.0238768,2020,2019-07-08,2020-08-31,2020-09-10,0.0023382696804364,0.5254942657267138,1,4,3,420.0,131,66,55,3058,187,1576.0,43,4,2,7.3632795869630385,3.784189633918261,1.6094379124341005,1.0986122886681098
10.1371/journal.pone.0241620,2020,2020-07-24,2020-10-21,2020-11-02,0.0014727540500736,0.3631764678791678,1,4,4,89.0,23,19,138,6029,291,2143.0,18,4,4,7.670428522190693,2.9444389791664403,1.6094379124341005,1.6094379124341005
10.1371/journal.pone.0244160,2020,2020-07-24,2020-12-09,2020-12-28,0.0016,0.3870400258006055,1,6,3,138.0,52,24,110,5347,284,3185.0,25,7,0,8.066521490469993,3.258096538021482,2.079441541679836,0.0
10.1371/journal.pone.0235451,2021,2020-06-13,2021-04-01,2021-04-13,-0.0003514252245216,0.0210720016579037,0,4,4,292.0,137,63,128,3693,183,2070.0,41,5,1,7.635786861395585,3.737669618283368,1.791759469228055,0.6931471805599453
10.1371/journal.pone.0236770,2021,2020-07-10,2021-03-03,2021-03-12,-0.0019321004692243,-0.2753660011136063,0,4,3,236.0,61,36,53,4094,205,3435.0,80,6,1,8.142063283104147,4.394449154672439,1.9459101490553128,0.6931471805599453
10.1371/journal.pone.0241898,2021,2020-08-06,2020-10-26,2021-01-06,-0.0030736876162743,-0.4894579311259459,0,4,3,81.0,45,2,79,3327,171,2828.0,57,23,10,7.947678571301568,4.060443010546419,3.1780538303479458,2.3978952727983707
10.1371/journal.pone.0245116,2021,2020-02-27,2021-01-06,2021-01-15,-9.58970449325604e-06,0.0851794387631276,0,3,3,314.0,259,35,54,5010,213,387.0,56,5,1,5.961005339623274,4.04305126783455,1.791759469228055,0.6931471805599453
10.1371/journal.pone.0247113,2021,2020-07-03,2021-02-05,2021-02-16,-0.0001254862592546,0.0634443332525624,0,5,4,217.0,101,45,296,10436,439,1999.0,44,4,2,7.600902459542082,3.80666248977032,1.6094379124341005,1.0986122886681098
10.1371/journal.pone.0247360,2021,2020-06-30,2021-02-17,2021-03-01,-0.0005355230274901,-0.0134534868695448,0,2,2,232.0,108,115,135,6707,345,644.0,34,8,3,6.4692503167957724,3.555348061489413,2.19722457733622,1.3862943611198906
10.1371/journal.pone.0247434,2021,2020-08-30,2021-02-15,2021-02-24,-0.000132126577261,0.0621990157123645,0,3,3,169.0,71,51,124,5997,297,4354.0,63,10,3,8.379079889286603,4.158883083359672,2.3978952727983707,1.3862943611198906
10.1371/journal.pone.0247973,2021,2019-11-15,2021-02-22,2021-03-17,-0.0006466910972192,-0.0343018177793242,0,4,3,465.0,243,124,135,5290,223,1420.0,39,5,3,7.259116128097101,3.688879454113936,1.791759469228055,1.3862943611198906
10.1371/journal.pone.0248114,2021,2020-04-10,2021-04-06,2021-04-28,-0.0001129433024621,0.0657966248272415,0,2,2,361.0,126,192,133,8816,340,2030.0,32,7,2,7.616283561580385,3.49650756146648,2.079441541679836,1.0986122886681098
10.1371/journal.pone.0248966,2021,2020-10-20,2021-03-12,2021-03-19,0.0,0.0869778808255796,0,2,2,143.0,61,79,79,2245,125,881.0,31,5,2,6.782192056006791,3.4657359027997265,1.791759469228055,1.0986122886681098
10.1371/journal.pone.0249396,2021,2020-10-01,2021-03-22,2021-04-01,-0.0002261739843374,0.0445614740269369,0,4,4,172.0,95,16,61,3366,183,1318.0,61,6,3,7.1846291527173145,4.127134385045092,1.9459101490553128,1.3862943611198906
10.1371/journal.pone.0249957,2021,2020-10-02,2021-03-31,2021-04-08,3.2682408693520713e-05,0.0931071018602847,0,3,3,180.0,86,52,81,1750,73,2459.0,46,4,1,7.807916628926408,3.8501476017100575,1.6094379124341005,0.6931471805599453
10.1371/journal.pone.0250168,2021,2020-07-01,2021-04-06,2021-04-29,-2.241700105359905e-05,0.0827738224380481,0,6,5,279.0,63,20,134,11035,646,1611.0,23,5,1,7.385230923066573,3.1780538303479458,1.791759469228055,0.6931471805599453
10.1371/journal.pone.0250445,2021,2020-06-17,2021-04-16,2021-05-06,0.0,0.0869778808255796,0,6,5,303.0,35,43,73,7026,262,1870.0,24,6,4,7.534228326274089,3.218875824868201,1.9459101490553128,1.6094379124341005
10.1371/journal.pone.0250963,2021,2020-07-22,2021-04-22,2021-05-03,8.524168147740882e-06,0.0885764934371664,0,4,3,274.0,119,28,133,2593,112,1274.0,34,3,2,7.150701457592526,3.555348061489413,1.3862943611198906,1.0986122886681098
10.1371/journal.pone.0251025,2021,2020-12-03,2021-04-27,2021-05-26,0.0001053363389302,0.1067325357025871,0,3,3,145.0,74,25,50,3121,157,2809.0,81,5,2,7.940939762327791,4.406719247264253,1.791759469228055,1.0986122886681098
10.1371/journal.pone.0251175,2021,2020-08-17,2021-04-29,2021-05-10,-0.0008894159501927,-0.0798221552930593,0,3,3,255.0,197,3,57,3340,159,2595.0,27,4,3,7.86172707782398,3.332204510175204,1.6094379124341005,1.3862943611198906
10.1371/journal.pone.0251329,2021,2020-11-24,2021-04-29,2021-05-10,0.0,0.0869778808255796,0,3,3,156.0,43,72,100,3385,171,2866.0,36,2,1,7.96102146588337,3.610917912644224,1.0986122886681098,0.6931471805599453
10.1371/journal.pone.0252477,2021,2021-02-05,2021-05-25,2021-06-23,-0.0007037297677691,-0.0449987839241535,0,3,2,109.0,74,15,176,5661,196,2965.0,41,3,3,7.994969522697877,3.737669618283368,1.3862943611198906,1.3862943611198906
10.1371/journal.pone.0252907,2021,2021-02-12,2021-05-31,2021-06-08,0.0,0.0869778808255796,0,2,2,108.0,69,33,62,5995,264,1749.0,32,11,3,7.467371066917559,3.49650756146648,2.4849066497880004,1.3862943611198906
10.1371/journal.pone.0252913,2021,2020-03-16,2021-06-01,2021-06-09,-4.3240438458045966e-05,0.0788686191297159,0,4,3,442.0,282,44,157,7537,370,5029.0,74,8,1,8.523175263093785,4.31748811353631,2.19722457733622,0.6931471805599453
10.1371/journal.pone.0253044,2021,2020-09-29,2021-07-05,2021-07-13,-2.980981339056817e-05,0.0813873829835301,0,3,3,279.0,167,28,71,6146,260,1368.0,64,10,3,7.221835825288449,4.174387269895637,2.3978952727983707,1.3862943611198906
10.1371/journal.pone.0253125,2021,2020-09-29,2021-06-15,2021-06-24,6.92933464528736e-05,0.0999730746812963,0,4,4,259.0,118,53,90,6558,341,1434.0,41,15,4,7.268920128193722,3.737669618283368,2.772588722239781,1.6094379124341005
10.1371/journal.pone.0253239,2021,2021-02-18,2021-06-10,2021-06-21,0.0,0.0869778808255796,0,2,2,112.0,59,44,53,3447,151,1868.0,36,7,4,7.533158807455563,3.610917912644224,2.079441541679836,1.6094379124341005
10.1371/journal.pone.0253808,2021,2021-03-24,2021-06-16,2021-06-24,-0.000805683732513,-0.0641191122677552,0,3,2,84.0,73,2,129,3767,201,718.0,40,8,2,6.577861357721047,3.713572066704308,2.19722457733622,1.0986122886681098
10.1371/journal.pone.0253839,2021,2020-03-02,2021-06-30,2021-07-09,-1.7785049887064935e-05,0.0836424931895792,0,6,5,485.0,217,52,173,7876,406,933.0,21,5,2,6.839476438228843,3.091042453358316,1.791759469228055,1.0986122886681098
10.1371/journal.pone.0254895,2021,2020-10-23,2021-07-14,2021-07-23,-0.0015775981068822,-0.2088830390866786,0,3,3,264.0,119,70,94,4011,211,2456.0,44,4,2,7.806696372521179,3.80666248977032,1.6094379124341005,1.0986122886681098
10.1371/journal.pone.0255078,2021,2020-06-29,2021-07-21,2021-07-30,-3.390323049353417e-05,0.0806197082859092,0,3,2,387.0,271,75,79,6427,249,2363.0,64,3,3,7.768110378525988,4.174387269895637,1.3862943611198906,1.3862943611198906
10.1371/journal.pone.0255766,2021,2020-05-27,2021-07-30,2021-08-06,-8.390141583639224e-05,0.0712431065741361,0,4,4,429.0,200,135,290,5737,214,1214.0,29,3,3,7.102499355774649,3.4011973816621555,1.3862943611198906,1.3862943611198906
10.1371/journal.pone.0255979,2021,2021-03-09,2021-08-05,2021-08-17,-0.0037015945330296,-0.6072148663048523,0,3,2,149.0,79,41,46,4466,194,2584.0,52,5,2,7.85748078694253,3.970291913552122,1.791759469228055,1.0986122886681098
10.1371/journal.pone.0256196,2021,2020-09-17,2021-08-11,2021-08-20,-2.9012136743871187e-05,0.0815369783370328,0,4,4,328.0,185,25,146,7081,324,4393.0,52,2,5,8.387995252944556,3.970291913552122,1.0986122886681098,1.791759469228055
10.1371/journal.pone.0257279,2021,2020-09-25,2021-09-15,2021-09-23,-0.0088987764182424,-1.5818883314937908,0,9,4,355.0,84,53,176,14075,898,1329.0,41,6,2,7.1929342212158,3.737669618283368,1.9459101490553128,1.0986122886681098
10.1371/journal.pone.0257381,2021,2020-06-18,2021-09-28,2021-10-06,-3.318841060701603e-05,0.0807537647786713,0,5,5,467.0,104,13,84,5203,194,4176.0,20,2,2,8.337348564497175,3.044522437723423,1.0986122886681098,1.0986122886681098
10.1371/journal.pone.0259092,2021,2021-06-14,2021-10-19,2021-10-27,-0.0029806259314456,-0.4720052506480149,0,3,3,127.0,49,39,71,3186,126,1214.0,27,8,2,7.102499355774649,3.332204510175204,2.19722457733622,1.0986122886681098
10.1371/journal.pone.0260193,2021,2021-04-06,2021-11-10,2021-11-19,1.7990465053521634e-05,0.0903517917837408,0,4,3,218.0,90,42,36,4807,159,1603.0,55,6,2,7.38025578842646,4.02535169073515,1.9459101490553128,1.0986122886681098
10.1371/journal.pone.0260259,2021,2021-02-04,2021-11-15,2021-12-08,-2.749934689051135e-05,0.0818206851922176,0,4,4,284.0,114,60,95,6221,323,1228.0,62,10,5,7.113956109566034,4.143134726391533,2.3978952727983707,1.791759469228055
10.1371/journal.pone.0260597,2021,2021-03-18,2021-11-18,2021-11-30,-2.545436033192485e-05,0.0822041996004767,0,3,3,245.0,98,27,133,5165,239,1299.0,62,4,5,7.170119543449628,4.143134726391533,1.6094379124341005,1.791759469228055
10.1371/journal.pone.0261173,2021,2021-02-03,2021-12-09,2021-12-17,-3.6234509747083125e-05,0.0801825028775619,0,4,4,309.0,100,97,111,7952,365,1627.0,69,4,3,7.395107546562485,4.248495242049359,1.6094379124341005,1.3862943611198906
10.1371/journal.pone.0247226,2021,2020-06-02,2021-02-08,2021-02-25,0.0032493907392363,0.696364852748848,1,5,4,251.0,77,56,142,4636,282,4810.0,33,2,1,8.478660241699453,3.5263605246161616,1.0986122886681098,0.6931471805599453
10.1371/journal.pone.0249092,2021,2020-09-18,2021-05-12,2021-05-21,0.0013333333333333,0.3370296683047615,1,2,2,236.0,69,105,147,8127,315,2643.0,39,6,4,7.880048200971577,3.688879454113936,1.9459101490553128,1.6094379124341005
10.1371/journal.pone.0250241,2021,2020-12-20,2021-04-08,2021-04-16,0.0016626360338573,0.3987867149705741,1,3,2,109.0,76,16,134,4594,282,927.0,32,3,3,6.833031732786201,3.49650756146648,1.3862943611198906,1.3862943611198906
10.1371/journal.pone.0257487,2021,2020-08-30,2021-09-09,2021-09-17,0.0068965517241379,1.3803491953730993,1,3,3,375.0,194,76,96,4326,185,1324.0,14,7,5,7.1891677384203225,2.70805020110221,2.079441541679836,1.791759469228055
10.1371/journal.pone.0250310,2022,2021-03-26,2022-02-21,2022-03-01,-0.0001271334583479,0.0631354194443521,0,4,3,332.0,120,89,77,3829,229,2193.0,103,3,2,7.693481640835175,4.6443908991413725,1.3862943611198906,1.0986122886681098
10.1371/journal.pone.0261659,2022,2021-02-08,2022-01-05,2022-01-13,1.0393767896769096e-05,0.0889271160065027,0,4,3,331.0,93,82,65,6465,292,2057.0,53,6,3,7.629489916393995,3.9889840465642745,1.9459101490553128,1.3862943611198906
10.1371/journal.pone.0262202,2022,2021-01-25,2022-01-05,2022-01-13,0.0002146741723118,0.1272376262097152,0,4,4,345.0,124,72,164,7861,378,1224.0,25,10,4,7.110696122978827,3.258096538021482,2.3978952727983707,1.6094379124341005
10.1371/journal.pone.0262397,2022,2020-10-23,2021-12-30,2022-01-27,0.0,0.0869778808255796,0,4,3,433.0,108,164,79,1498,58,1176.0,10,7,2,7.0707241072602764,2.3978952727983707,2.079441541679836,1.0986122886681098
10.1371/journal.pone.0262417,2022,2021-02-05,2022-01-05,2022-01-14,-0.0001003089515708,0.0681660563452482,0,3,2,334.0,139,125,152,7983,304,1953.0,72,8,3,7.577633832602728,4.290459441148391,2.19722457733622,1.3862943611198906
10.1371/journal.pone.0262727,2022,2020-06-23,2022-02-22,2022-03-23,-0.0001487431206306,0.059082768433894,0,4,4,609.0,190,98,134,7442,437,369.0,54,3,3,5.91350300563827,4.007333185232471,1.3862943611198906,1.3862943611198906
10.1371/journal.pone.0262731,2022,2021-02-05,2022-01-19,2022-01-28,-0.0007659900421294,-0.0566750035937068,0,4,4,348.0,128,107,129,5144,266,2984.0,35,12,7,8.001355025826703,3.58351893845611,2.5649493574615367,2.079441541679836
10.1371/journal.pone.0264515,2022,2021-05-13,2022-03-09,2022-03-22,0.0,0.0869778808255796,0,4,4,300.0,77,36,105,2926,217,2020.0,41,6,2,7.611347717403621,3.737669618283368,1.9459101490553128,1.0986122886681098
10.1371/journal.pone.0264519,2022,2021-06-10,2022-03-23,2022-03-31,-0.0001119758132243,0.0659780666372006,0,3,2,286.0,187,37,92,3727,173,2796.0,55,4,3,7.936302693201959,4.02535169073515,1.6094379124341005,1.3862943611198906
10.1371/journal.pone.0264531,2022,2021-08-11,2022-02-21,2022-03-01,0.0001337971635001,0.1120700457452135,0,4,3,194.0,73,42,77,6404,321,681.0,38,6,3,6.525029657843462,3.6635616461296463,1.9459101490553128,1.3862943611198906
10.1371/journal.pone.0266719,2022,2021-04-14,2022-04-04,2022-04-13,-0.0002869714941649,0.0331595795219495,0,5,4,355.0,214,60,83,5685,218,2426.0,76,8,3,7.794411205726601,4.343805421853684,2.19722457733622,1.3862943611198906
10.1371/journal.pone.0267457,2022,2021-09-01,2022-05-11,2022-06-07,0.0,0.0869778808255796,0,4,4,252.0,31,66,64,3413,201,1648.0,100,0,0,7.407924322559599,4.61512051684126,0.0,0.0
10.1371/journal.pone.0267656,2022,2020-11-06,2022-05-17,2022-05-25,0.0,0.0869778808255796,0,3,3,557.0,411,76,104,11041,548,1877.0,57,3,1,7.537962659768208,4.060443010546419,1.3862943611198906,0.6931471805599453
10.1371/journal.pone.0268064,2022,2021-05-09,2022-05-23,2022-06-02,-0.0003394433129667,0.0233190754591939,0,5,5,379.0,78,77,112,10708,677,1578.0,63,9,1,7.364547014255642,4.158883083359672,2.302585092994046,0.6931471805599453
10.1371/journal.pone.0268849,2022,2022-05-06,2022-11-08,2022-11-16,-0.0020682523267838,-0.30089976262713,0,3,2,186.0,87,51,112,8717,352,1969.0,23,5,2,7.585788821732034,3.1780538303479458,1.791759469228055,1.0986122886681098
10.1371/journal.pone.0268986,2022,2021-02-11,2022-05-23,2022-06-08,-0.0002115954295387,0.0472955192916456,0,4,4,466.0,53,178,92,8485,309,4354.0,46,9,3,8.379079889286603,3.8501476017100575,2.302585092994046,1.3862943611198906
10.1371/journal.pone.0269301,2022,2021-05-04,2022-06-03,2022-06-15,6.70331143584931e-05,0.0995491933748081,0,5,4,395.0,105,66,73,13288,538,1403.0,32,19,10,7.247080584585756,3.49650756146648,2.995732273553991,2.3978952727983707
10.1371/journal.pone.0269712,2022,2020-12-10,2022-07-08,2022-07-28,-0.0005074854097944,-0.0081953445534439,0,3,3,575.0,410,53,100,4740,191,1780.0,31,12,12,7.484930283289661,3.4657359027997265,2.5649493574615367,2.5649493574615367
10.1371/journal.pone.0270595,2022,2021-11-09,2022-07-07,2022-08-04,0.000315192267283,0.1460886732008787,0,3,3,240.0,107,39,53,6320,303,2803.0,26,6,2,7.938802248154481,3.295836866004329,1.9459101490553128,1.0986122886681098
10.1371/journal.pone.0271874,2022,2020-08-14,2022-07-14,2022-07-22,5.923538959115734e-06,0.0880887744542767,0,3,3,699.0,578,24,57,3527,199,848.0,82,7,4,6.744059186311348,4.418840607796598,2.079441541679836,1.6094379124341005
10.1371/journal.pone.0272034,2022,2020-11-30,2022-07-26,2022-08-05,-0.0002442665219161,0.0411684205057457,0,4,3,603.0,349,38,35,2946,160,1626.0,45,9,2,7.394493107219038,3.828641396489095,2.302585092994046,1.0986122886681098
10.1371/journal.pone.0272153,2022,2021-07-05,2022-08-10,2022-08-18,-5.863383172090296e-05,0.0759817600041553,0,3,3,401.0,97,201,63,3684,102,8168.0,50,3,3,9.00810178134187,3.9318256327243257,1.3862943611198906,1.3862943611198906
10.1371/journal.pone.0273788,2022,2021-11-30,2022-09-05,2022-09-29,0.0003461804754211,0.1519001658276605,0,3,2,279.0,158,45,128,5467,289,1549.0,46,4,2,7.346010209913293,3.8501476017100575,1.6094379124341005,1.0986122886681098
10.1371/journal.pone.0274613,2022,2022-04-07,2022-09-08,2022-09-23,0.0003052037234854,0.1442154332777007,0,4,4,154.0,42,48,49,6356,196,1724.0,18,5,3,7.45298232946546,2.9444389791664403,1.791759469228055,1.3862943611198906
10.1371/journal.pone.0274755,2022,2021-02-19,2022-09-11,2022-10-05,-1.4442727364635538e-05,0.0842693084803783,0,4,4,569.0,66,154,104,4583,206,2140.0,37,8,2,7.669028288589683,3.6375861597263857,2.19722457733622,1.0986122886681098
10.1371/journal.pone.0275239,2022,2021-11-14,2022-10-06,2022-10-21,-0.0025690430314707,-0.3948174707720712,0,3,2,326.0,214,35,48,2676,142,960.0,34,9,2,6.8679744089702925,3.555348061489413,2.302585092994046,1.0986122886681098
10.1371/journal.pone.0275517,2022,2021-08-12,2022-09-27,2022-10-06,0.0,0.0869778808255796,0,3,2,411.0,167,143,172,6761,369,2290.0,31,5,3,7.736743682453495,3.4657359027997265,1.791759469228055,1.3862943611198906
10.1371/journal.pone.0275959,2022,2020-09-28,2022-10-03,2022-12-29,0.0,0.0869778808255796,0,4,3,735.0,549,47,150,11400,395,1823.0,54,5,1,7.508787170634276,4.007333185232471,1.791759469228055,0.6931471805599453
10.1371/journal.pone.0275964,2022,2021-08-16,2022-09-30,2022-10-11,0.0,0.0869778808255796,0,4,4,410.0,278,32,80,4018,234,1032.0,22,0,0,6.940222469119639,3.1354942159291497,0.0,0.0
10.1371/journal.pone.0276855,2022,2021-10-27,2022-10-26,2022-11-03,-0.0002408767915211,0.0418041266140024,0,4,4,364.0,259,29,46,2093,118,1511.0,26,9,5,7.321188556739478,3.295836866004329,2.302585092994046,1.791759469228055
10.1371/journal.pone.0276962,2022,2021-10-26,2022-10-28,2022-11-23,-1.3826477704804702e-05,0.0843848792271089,0,3,3,367.0,274,71,86,6296,286,1102.0,57,4,3,7.005789019253503,4.060443010546419,1.6094379124341005,1.3862943611198906
10.1371/journal.pone.0277191,2022,2022-06-16,2022-11-01,2022-11-10,-0.0011065006915629,-0.1205339760036162,0,3,2,138.0,83,40,50,2882,148,3225.0,53,5,1,8.078998258685154,3.9889840465642745,1.791759469228055,0.6931471805599453
10.1371/journal.pone.0278983,2022,2021-07-06,2022-12-05,2022-12-15,-0.0001270002540005,0.0631604004332276,0,3,3,517.0,403,38,52,1935,88,721.0,23,4,5,6.582025138892826,3.1780538303479458,1.6094379124341005,1.791759469228055
10.1371/journal.pone.0279569,2022,2021-11-01,2022-12-14,2022-12-28,6.319514661274014e-05,0.0988294253534733,0,3,3,408.0,228,82,152,5821,261,1691.0,40,10,2,7.433666540166168,3.713572066704308,2.3978952727983707,1.0986122886681098
10.1371/journal.pone.0250754,2022,2021-04-16,2022-01-17,2022-02-22,0.0011929107021131,0.3106949708504052,1,4,4,276.0,90,35,224,8131,441,1322.0,19,2,2,7.187657164114956,2.995732273553991,1.0986122886681098,1.0986122886681098
10.1371/journal.pone.0267711,2022,2021-06-03,2022-06-08,2022-06-24,0.0057142857142857,1.1586283985935266,1,4,4,370.0,73,180,126,6686,268,665.0,27,2,2,6.501289670540389,3.332204510175204,1.0986122886681098,1.0986122886681098
10.1371/journal.pone.0268739,2022,2021-03-17,2022-05-16,2022-05-24,0.0012562814070351,0.3225794393800769,1,4,4,425.0,130,99,72,5495,210,1786.0,24,3,3,7.488293515159428,3.218875824868201,1.3862943611198906,1.3862943611198906
10.1371/journal.pone.0268756,2022,2020-11-11,2022-06-08,2022-10-07,0.0638297872340425,12.05754217504203,1,4,3,574.0,322,33,111,3824,239,2268.0,20,5,3,7.727094484779841,3.044522437723423,1.791759469228055,1.3862943611198906
10.1371/journal.pone.0275096,2022,2021-10-28,2022-09-20,2022-09-29,0.0023255813953488,0.5231147194520638,1,3,3,327.0,100,194,69,3309,99,1240.0,26,7,5,7.123672785204607,3.295836866004329,2.079441541679836,1.791759469228055
10.1371/journal.pone.0247740,2023,2021-02-22,2023-08-17,2023-12-15,0.0,0.0869778808255796,0,4,4,906.0,370,220,113,2396,120,2102.0,32,5,2,7.6511201757027,3.49650756146648,1.791759469228055,1.0986122886681098
10.1371/journal.pone.0267870,2023,2022-04-14,2023-05-02,2023-05-11,0.0,0.0869778808255796,0,4,4,383.0,69,72,62,5101,218,3637.0,60,4,1,8.199189359078067,4.110873864173311,1.6094379124341005,0.6931471805599453
10.1371/journal.pone.0272752,2023,2022-07-25,2023-05-15,2023-05-25,-0.0009088155104513,-0.0834603263322892,0,4,3,294.0,113,92,66,4120,238,3389.0,51,4,1,8.128585200374497,3.951243718581428,1.6094379124341005,0.6931471805599453
10.1371/journal.pone.0276951,2023,2022-10-15,2023-04-24,2023-05-04,-0.0006024096385542,-0.0259973243607974,0,2,2,191.0,116,69,151,4580,205,2080.0,71,2,1,7.640603826393634,4.276666119016055,1.0986122886681098,0.6931471805599453
10.1371/journal.pone.0279425,2023,2022-01-14,2022-12-19,2023-02-24,0.0001751313485113,0.119821810879748,0,5,4,339.0,56,49,227,9270,530,2303.0,39,2,1,7.742402021815782,3.688879454113936,1.0986122886681098,0.6931471805599453
10.1371/journal.pone.0279873,2023,2021-07-04,2022-12-22,2023-01-05,0.0,0.0869778808255796,0,5,5,536.0,327,42,81,6783,324,1414.0,31,0,0,7.254884810077338,3.4657359027997265,0.0,0.0
10.1371/journal.pone.0280501,2023,2022-09-30,2023-01-11,2023-03-07,-0.0006581112207963,-0.0364435345145895,0,2,2,103.0,49,46,120,4695,247,4513.0,98,3,5,8.414938957377482,4.59511985013459,1.3862943611198906,1.791759469228055
10.1371/journal.pone.0281062,2023,2022-10-07,2023-01-23,2023-02-02,-0.0005783689994216,-0.0214887707703609,0,3,2,108.0,49,40,109,8486,381,2517.0,37,3,1,7.831220214604293,3.6375861597263857,1.3862943611198906,0.6931471805599453
10.1371/journal.pone.0281348,2023,2022-02-10,2023-01-26,2023-02-24,-0.0001140510948905,0.0655888707195835,0,4,3,350.0,122,64,74,8783,383,3325.0,64,3,2,8.109525659752872,4.174387269895637,1.3862943611198906,1.0986122886681098
10.1371/journal.pone.0281660,2023,2022-11-08,2023-02-01,2023-02-09,0.0002129925452609,0.126922255822252,0,2,2,85.0,45,38,104,3812,217,1993.0,24,12,3,7.597897950521784,3.218875824868201,2.5649493574615367,1.3862943611198906
10.1371/journal.pone.0283400,2023,2023-03-07,2023-07-11,2023-07-20,-0.0006681812107443,-0.0383320487543857,0,2,2,126.0,83,37,53,1766,106,1379.0,42,5,3,7.22983877815125,3.7612001156935615,1.791759469228055,1.3862943611198906
10.1371/journal.pone.0284124,2023,2022-02-17,2023-03-31,2023-04-10,-0.0022099447513812,-0.3274725956592599,0,5,5,407.0,54,141,175,9918,654,2808.0,44,6,2,7.940583827104244,3.80666248977032,1.9459101490553128,1.0986122886681098
10.1371/journal.pone.0284219,2023,2022-06-02,2023-04-24,2023-05-03,0.0,0.0869778808255796,0,4,3,326.0,83,22,81,3768,186,1433.0,44,6,7,7.268223021159565,3.80666248977032,1.9459101490553128,2.079441541679836
10.1371/journal.pone.0284802,2023,2022-09-23,2023-04-13,2023-10-20,0.0,0.0869778808255796,0,3,3,202.0,135,30,103,3097,188,701.0,21,0,0,6.553933404025811,3.091042453358316,0.0,0.0
10.1371/journal.pone.0284936,2023,2022-06-08,2023-04-17,2023-04-24,0.0,0.0869778808255796,0,5,4,313.0,90,43,109,7317,311,906.0,88,0,0,6.810142450115136,4.48863636973214,0.0,0.0
10.1371/journal.pone.0285872,2023,2022-07-28,2023-05-08,2023-05-17,-0.0001396696812039,0.0607843907443169,0,4,4,284.0,129,45,127,12151,654,4086.0,41,5,3,8.315566483564277,3.737669618283368,1.791759469228055,1.3862943611198906
10.1371/journal.pone.0287305,2023,2022-02-06,2023-06-16,2023-06-23,-4.8195093739457326e-05,0.0779394288226208,0,3,3,495.0,388,42,97,5733,306,1919.0,70,6,3,7.560080465021827,4.262679877041316,1.9459101490553128,1.3862943611198906
10.1371/journal.pone.0287921,2023,2022-12-02,2023-06-26,2023-07-07,-0.0005546311702717,-0.0170370058130048,0,2,2,206.0,99,96,83,5731,269,1756.0,79,8,6,7.471363088187097,4.382026634673881,2.19722457733622,1.9459101490553128
10.1371/journal.pone.0288326,2023,2023-03-27,2023-07-07,2023-12-04,0.0,0.0869778808255796,0,3,3,102.0,71,12,76,7078,335,2594.0,48,5,1,7.861341795599989,3.8918202981106265,1.791759469228055,0.6931471805599453
10.1371/journal.pone.0288825,2023,2023-02-07,2023-07-11,2023-07-19,-0.0003542330853701,0.0205454186897835,0,3,2,154.0,88,44,86,4567,319,6046.0,104,2,2,8.707317560273212,4.653960350157523,1.0986122886681098,1.0986122886681098
10.1371/journal.pone.0290636,2023,2022-10-25,2023-08-16,2023-08-25,-0.0009009009009009,-0.0819760296333312,0,3,3,295.0,169,63,46,4592,242,804.0,31,5,2,6.690842277418564,3.4657359027997265,1.791759469228055,1.0986122886681098
10.1371/journal.pone.0291096,2023,2023-04-28,2023-08-24,2023-08-31,0.0,0.0869778808255796,0,2,2,118.0,51,65,80,7700,318,1765.0,37,0,0,7.476472381163905,3.6375861597263857,0.0,0.0
10.1371/journal.pone.0291124,2023,2022-09-07,2023-08-31,2023-09-27,0.0,0.0869778808255796,0,4,3,358.0,165,30,61,5116,241,2938.0,53,0,0,7.985824666418917,3.9889840465642745,0.0,0.0
10.1371/journal.pone.0291391,2023,2023-01-06,2023-09-01,2023-09-12,-9.136592051164915e-05,0.0698432220216151,0,6,4,238.0,40,22,120,4099,209,810.0,18,2,1,6.698268054115413,2.9444389791664403,1.0986122886681098,0.6931471805599453
10.1371/journal.pone.0291962,2023,2022-07-03,2023-09-13,2023-09-21,-0.0017761989342806,-0.2461284080010403,0,4,3,437.0,249,50,112,4723,238,1946.0,17,8,2,7.574045005372199,2.8903717578961645,2.19722457733622,1.0986122886681098
10.1371/journal.pone.0293593,2023,2023-02-27,2023-10-23,2023-11-01,0.0,0.0869778808255796,0,3,3,238.0,133,65,59,3935,213,1507.0,24,0,0,7.318539548567902,3.218875824868201,0.0,0.0
10.1371/journal.pone.0294022,2023,2022-08-18,2023-11-28,2023-12-07,-4.966476285075739e-05,0.0776638087814081,0,3,3,467.0,83,22,73,10757,470,1476.0,24,21,12,7.29776828253138,3.218875824868201,3.091042453358316,2.5649493574615367
10.1371/journal.pone.0294054,2023,2023-01-25,2023-11-07,2023-11-15,-0.0001096310913775,0.066417793053901,0,4,4,286.0,91,57,82,7975,348,2823.0,51,14,2,7.945909598613133,3.951243718581428,2.70805020110221,1.0986122886681098
10.1371/journal.pone.0294107,2023,2022-06-20,2023-11-09,2023-11-16,-0.0004482294935006,0.0029174412875424,0,6,4,507.0,156,74,129,3965,207,1052.0,22,4,1,6.959398512133975,3.1354942159291497,1.6094379124341005,0.6931471805599453
10.1371/journal.pone.0294513,2023,2023-07-04,2023-11-07,2023-11-16,0.0,0.0869778808255796,0,3,2,126.0,43,48,42,2324,122,878.0,25,0,0,6.778784897685177,3.258096538021482,0.0,0.0
10.1371/journal.pone.0295234,2023,2023-01-28,2023-11-23,2023-12-01,-0.000789515237644,-0.0610868914856241,0,4,4,299.0,53,12,115,6282,428,927.0,53,4,4,6.833031732786201,3.9889840465642745,1.6094379124341005,1.6094379124341005
10.1371/journal.pone.0295661,2023,2023-04-20,2023-12-06,2023-12-15,0.0,0.0869778808255796,0,3,3,230.0,120,24,61,3404,179,381.0,8,0,0,5.945420608606575,2.19722457733622,0.0,0.0
10.1371/journal.pone.0270542,2023,2020-12-11,2022-06-27,2023-01-31,0.0012729844413012,0.3257119070610003,1,4,3,563.0,142,89,67,2825,104,1803.0,112,5,3,7.497761700622568,4.727387818712341,1.791759469228055,1.3862943611198906
10.1371/journal.pone.0288778,2023,2022-11-24,2023-07-10,2023-07-19,0.0012106537530266,0.3140224820475963,1,3,3,228.0,122,44,67,8258,325,2944.0,23,6,6,7.987864096085687,3.1780538303479458,1.9459101490553128,1.9459101490553128
10.1371/journal.pone.0289128,2023,2023-02-27,2023-07-14,2023-07-21,0.0037950664136622,0.7987002360794287,1,3,3,137.0,62,44,173,8501,424,4368.0,52,6,1,8.382289428951436,3.970291913552122,1.9459101490553128,0.6931471805599453
10.1371/journal.pone.0289744,2023,2022-11-01,2023-07-31,2023-08-08,0.0016353229762878,0.3936644558204925,1,4,4,272.0,159,37,79,6031,321,2121.0,33,8,5,7.660114319173928,3.5263605246161616,2.19722457733622,1.791759469228055
10.1371/journal.pone.0280366,2024,2022-12-27,2024-01-10,2024-01-19,-0.0023346303501945,-0.3508559883013938,0,3,3,379.0,217,56,184,11305,528,5246.0,103,13,10,8.565411763686711,4.6443908991413725,2.6390573296152584,2.3978952727983707
10.1371/journal.pone.0288233,2024,2022-05-10,2024-01-19,2024-01-29,0.0003176620076238,0.1465518454409986,0,4,4,619.0,125,92,93,8225,310,1101.0,26,5,2,7.004881989712859,3.295836866004329,1.791759469228055,1.0986122886681098
10.1371/journal.pone.0289576,2024,2023-07-21,2024-04-08,2024-04-18,0.0002015316404675,0.1247728910249632,0,3,3,262.0,133,47,52,2120,102,691.0,19,10,4,6.539585955617669,2.995732273553991,2.3978952727983707,1.6094379124341005
10.1371/journal.pone.0293451,2024,2023-03-24,2023-11-08,2024-02-22,-0.001092001092001,-0.117814737912477,0,3,3,229.0,92,44,78,1726,84,3280.0,41,4,2,8.0959035329611,3.737669618283368,1.6094379124341005,1.0986122886681098
10.1371/journal.pone.0294739,2024,2023-04-04,2023-12-13,2024-01-03,0.0,0.0869778808255796,0,4,3,253.0,95,40,123,6755,239,2328.0,46,3,3,7.753194269884341,3.8501476017100575,1.3862943611198906,1.3862943611198906
10.1371/journal.pone.0295230,2024,2022-12-14,2023-12-07,2024-01-03,-0.0001518141794443,0.0585068256245294,0,3,3,358.0,129,184,83,5722,236,9277.0,77,5,4,9.135401285311689,4.356708826689592,1.791759469228055,1.6094379124341005
10.1371/journal.pone.0296789,2024,2023-05-24,2024-01-09,2024-01-19,-7.393988687197309e-05,0.0731112801668202,0,4,4,230.0,77,40,117,2999,153,878.0,24,3,1,6.778784897685177,3.218875824868201,1.3862943611198906,0.6931471805599453
10.1371/journal.pone.0297156,2024,2021-10-21,2024-02-01,2024-02-09,0.0,0.0869778808255796,0,5,5,833.0,311,59,101,8599,392,2281.0,34,0,0,7.732807530422021,3.555348061489413,0.0,0.0
10.1371/journal.pone.0297742,2024,2023-05-25,2024-03-03,2024-03-14,-0.0010893246187363,-0.1173127952194932,0,3,3,283.0,79,53,121,4748,270,2532.0,25,6,2,7.837159650001675,3.258096538021482,1.9459101490553128,1.0986122886681098
10.1371/journal.pone.0298102,2024,2023-06-22,2024-06-23,2024-07-02,0.0,0.0869778808255796,0,4,3,367.0,131,48,74,4061,229,938.0,35,0,0,6.844815479208263,3.58351893845611,0.0,0.0
10.1371/journal.pone.0299092,2024,2023-06-26,2024-03-29,2024-04-11,0.0,0.0869778808255796,0,4,4,277.0,55,33,63,2408,166,1801.0,20,0,0,7.496652438168283,3.044522437723423,0.0,0.0
10.1371/journal.pone.0300179,2024,2022-11-10,2024-02-29,2024-03-11,0.0003585514521333,0.1542202044574723,0,4,4,476.0,151,65,111,4350,160,3230.0,51,2,2,8.080546965824498,3.951243718581428,1.0986122886681098,1.0986122886681098
10.1371/journal.pone.0300648,2024,2023-04-02,2024-03-06,2024-03-15,0.0003619254433586,0.1548529588600913,0,3,3,339.0,209,73,120,17392,916,1228.0,53,6,2,7.113956109566034,3.9889840465642745,1.9459101490553128,1.0986122886681098
10.1371/journal.pone.0300821,2024,2023-09-08,2024-03-11,2024-03-25,0.0,0.0869778808255796,0,4,3,185.0,60,29,57,4379,241,1016.0,30,0,0,6.92461239604856,3.4339872044851463,0.0,0.0
10.1371/journal.pone.0301052,2024,2022-07-19,2024-03-25,2024-04-17,0.0,0.0869778808255796,0,6,6,615.0,141,90,126,6916,365,3832.0,71,0,0,8.251403065380556,4.276666119016055,0.0,0.0
10.1371/journal.pone.0301535,2024,2023-03-01,2024-03-27,2024-04-05,-0.0001403508771929,0.060656640038312,0,5,4,392.0,202,55,120,7778,345,693.0,35,5,4,6.542471960506805,3.58351893845611,1.791759469228055,1.6094379124341005
10.1371/journal.pone.0301693,2024,2023-09-23,2024-03-25,2024-04-04,0.0,0.0869778808255796,0,3,3,184.0,74,63,107,4145,160,3580.0,19,0,0,8.183397369998433,2.995732273553991,0.0,0.0
10.1371/journal.pone.0302298,2024,2021-07-03,2024-04-04,2024-04-18,0.0,0.0869778808255796,0,9,9,1006.0,445,72,122,7399,333,1305.0,24,0,0,7.174724309836376,3.218875824868201,0.0,0.0
10.1371/journal.pone.0303885,2024,2023-03-29,2024-06-13,2024-07-16,-0.0003059039461609,0.0296090094247267,0,3,2,442.0,276,55,61,3246,109,1474.0,43,9,5,7.29641326877392,3.784189633918261,2.302585092994046,1.791759469228055
10.1371/journal.pone.0305100,2024,2023-02-22,2024-06-03,2024-06-12,0.0,0.0869778808255796,0,5,4,467.0,192,44,63,2653,118,1409.0,44,0,0,7.251344983372214,3.80666248977032,0.0,0.0
10.1371/journal.pone.0305716,2024,2022-10-31,2024-06-24,2024-09-23,0.0,0.0869778808255796,0,5,4,602.0,118,113,171,6867,314,2914.0,46,0,0,7.977625098784593,3.8501476017100575,0.0,0.0
10.1371/journal.pone.0305987,2024,2023-08-07,2024-06-20,2024-08-08,0.0,0.0869778808255796,0,4,4,318.0,171,82,107,6721,345,1501.0,23,0,0,7.31455283232408,3.1780538303479458,0.0,0.0
10.1371/journal.pone.0306169,2024,2023-02-08,2024-06-18,2024-06-26,0.0,0.0869778808255796,0,6,6,496.0,98,55,114,4187,192,632.0,36,0,0,6.450470422144176,3.610917912644224,0.0,0.0
10.1371/journal.pone.0306549,2024,2023-08-16,2024-06-25,2024-07-31,0.0,0.0869778808255796,0,5,4,314.0,154,42,75,3695,201,2795.0,62,0,0,7.935945103353701,4.143134726391533,0.0,0.0
10.1371/journal.pone.0306912,2024,2023-09-27,2024-08-13,2024-08-22,0.0,0.0869778808255796,0,4,3,321.0,86,54,114,7056,404,1867.0,85,0,0,7.532623618788788,4.454347296253507,0.0,0.0
10.1371/journal.pone.0307654,2024,2024-02-28,2024-09-12,2024-11-14,0.0001670006680026,0.118296992483781,0,3,3,197.0,41,76,57,2894,134,2203.0,67,6,4,7.698029170272805,4.219507705176107,1.9459101490553128,1.6094379124341005
10.1371/journal.pone.0308498,2024,2022-08-26,2024-08-02,2024-08-12,0.0,0.0869778808255796,0,4,4,707.0,394,50,103,1852,98,1805.0,25,0,0,7.498869733976931,3.258096538021482,0.0,0.0
10.1371/journal.pone.0308554,2024,2023-09-29,2024-08-16,2024-11-22,0.0,0.0869778808255796,0,4,4,322.0,142,50,113,5605,258,3677.0,44,0,0,8.210124405164267,3.80666248977032,0.0,0.0
10.1371/journal.pone.0308853,2024,2023-11-29,2024-09-11,2024-09-23,0.0,0.0869778808255796,0,4,3,287.0,80,44,156,6419,335,1788.0,44,0,0,7.489412083508719,3.80666248977032,0.0,0.0
10.1371/journal.pone.0309650,2024,2023-11-28,2024-08-20,2024-10-24,0.0,0.0869778808255796,0,4,4,266.0,133,30,180,3534,177,816.0,33,0,0,6.705639094860003,3.5263605246161616,0.0,0.0
10.1371/journal.pone.0310717,2024,2023-06-29,2024-09-24,2024-10-03,0.0,0.0869778808255796,0,4,3,453.0,254,27,106,6740,288,940.0,75,0,0,6.846943139585379,4.330733340286331,0.0,0.0
10.1371/journal.pone.0312341,2024,2021-04-21,2024-10-16,2024-10-24,0.0,0.0869778808255796,0,7,5,1274.0,400,14,139,7621,350,1161.0,66,0,0,7.057897937411856,4.204692619390966,0.0,0.0
10.1371/journal.pone.0314862,2024,2024-06-28,2024-12-17,2024-12-30,0.0,0.0869778808255796,0,3,3,172.0,93,15,70,3522,157,572.0,45,0,0,6.35088571671474,3.828641396489095,0.0,0.0
10.1371/journal.pone.0315349,2024,2023-09-13,2024-12-02,2024-12-12,0.0,0.0869778808255796,0,5,5,446.0,169,48,142,7620,380,1295.0,57,0,0,7.16703787691222,4.060443010546419,0.0,0.0
10.1371/journal.pone.0315805,2024,2024-01-12,2024-12-10,2024-12-19,0.0,0.0869778808255796,0,5,5,333.0,173,34,59,2761,145,822.0,58,0,0,6.71295620067707,4.07753744390572,0.0,0.0
10.1371/journal.pone.0316178,2024,2024-04-06,2024-12-15,2024-12-26,0.0,0.0869778808255796,0,3,3,253.0,114,80,51,4652,236,1508.0,39,0,0,7.319202458767849,3.688879454113936,0.0,0.0
10.1371/journal.pone.0297665,2024,2022-12-19,2024-01-22,2024-01-30,0.0004960317460317,0.1800030993818166,1,3,3,399.0,119,58,133,3384,138,2186.0,19,3,1,7.690286020676768,2.995732273553991,1.3862943611198906,0.6931471805599453
10.1371/journal.pone.0307767,2024,2023-08-04,2024-07-15,2024-07-24,0.000526870389884,0.1857865428958428,1,4,4,346.0,136,32,67,3870,217,1440.0,32,3,1,7.273092595999522,3.49650756146648,1.3862943611198906,0.6931471805599453
