doi,publication_year,review_round,has_review_comments,round_start_date,review_date,author_response_date,round_review_days,author_response_days,round_review_comment_sentences,round_reviewer_count,round_author_response_words,round_author_response_sentences,disruption,disruption_z,high_disruption,article_words,reference_count,team_size,institution_count
10.1371/journal.pone.0224366,2019,1,1,2019-05-28,2019-06-24,2019-09-17,27.0,85.0,116,3,4305,253,-5.172214861762611e-05,0.0772779690400033,0.0,3418.0,66,6,3
10.1371/journal.pone.0224366,2019,2,1,2019-09-17,2019-10-04,,17.0,,15,2,594,26,-5.172214861762611e-05,0.0772779690400033,0.0,3418.0,66,6,3
10.1371/journal.pone.0224366,2019,3,0,,2019-10-14,,,,0,0,0,0,-5.172214861762611e-05,0.0772779690400033,0.0,3418.0,66,6,3
10.1371/journal.pone.0224392,2019,1,1,2019-07-14,2019-08-12,2019-09-01,29.0,20.0,75,3,2660,138,-0.0064167510976021,-1.1164121804977567,0.0,1981.0,46,9,5
10.1371/journal.pone.0224392,2019,2,1,2019-09-01,2019-09-17,,16.0,,2,1,106,7,-0.0064167510976021,-1.1164121804977567,0.0,1981.0,46,9,5
10.1371/journal.pone.0224392,2019,3,1,,2019-10-14,,,,3,1,0,0,-0.0064167510976021,-1.1164121804977567,0.0,1981.0,46,9,5
10.1371/journal.pone.0224727,2019,1,1,2019-07-09,2019-08-06,2019-09-26,28.0,51.0,57,4,2170,144,-7.240081088908195e-05,0.0733999166922613,0.0,917.0,24,15,1
10.1371/journal.pone.0224727,2019,2,1,2019-09-26,2019-10-22,,26.0,,4,2,0,0,-7.240081088908195e-05,0.0733999166922613,0.0,917.0,24,15,1
10.1371/journal.pone.0225592,2019,1,1,2019-06-11,2019-08-12,2019-06-11,62.0,-62.0,101,3,8,1,-0.0001721763085399,0.0546881355416019,0.0,1430.0,67,6,1
10.1371/journal.pone.0225592,2019,2,1,2019-06-11,2019-11-08,,150.0,,5,2,3074,199,-0.0001721763085399,0.0546881355416019,0.0,1430.0,67,6,1
10.1371/journal.pone.0224892,2019,1,1,2019-06-18,2019-07-15,2019-09-23,27.0,70.0,118,5,4084,254,0.0007898894154818,0.235112826014666,1.0,1266.0,47,9,2
10.1371/journal.pone.0224892,2019,2,1,2019-09-23,2019-10-11,,18.0,,7,3,154,11,0.0007898894154818,0.235112826014666,1.0,1266.0,47,9,2
10.1371/journal.pone.0224892,2019,3,0,,2019-10-24,,,,0,0,0,0,0.0007898894154818,0.235112826014666,1.0,1266.0,47,9,2
10.1371/journal.pone.0226052,2020,1,1,2019-11-18,2020-01-30,2020-03-14,73.0,44.0,40,3,4143,168,-0.0006662225183211,-0.0379647178482283,0.0,1353.0,34,6,2
10.1371/journal.pone.0226052,2020,2,1,2020-03-14,2020-04-29,,46.0,,6,1,616,24,-0.0006662225183211,-0.0379647178482283,0.0,1353.0,34,6,2
10.1371/journal.pone.0226052,2020,3,0,,2020-06-30,,,,0,0,0,0,-0.0006662225183211,-0.0379647178482283,0.0,1353.0,34,6,2
10.1371/journal.pone.0227977,2020,1,1,2019-09-08,2019-09-26,2019-11-11,18.0,46.0,164,4,7310,430,-0.0004059639799232,0.0108438667016085,0.0,2330.0,89,2,1
10.1371/journal.pone.0227977,2020,2,1,2019-11-11,2019-11-27,,16.0,,55,3,2282,149,-0.0004059639799232,0.0108438667016085,0.0,2330.0,89,2,1
10.1371/journal.pone.0227977,2020,3,1,,2019-12-23,,,,9,2,290,17,-0.0004059639799232,0.0108438667016085,0.0,2330.0,89,2,1
10.1371/journal.pone.0227977,2020,4,0,,2020-01-06,,,,0,0,0,0,-0.0004059639799232,0.0108438667016085,0.0,2330.0,89,2,1
10.1371/journal.pone.0228349,2020,1,1,2019-07-08,2019-08-18,2019-11-07,41.0,81.0,144,4,4392,249,-0.0021356113187399,-0.3135321898831942,0.0,1396.0,36,6,2
10.1371/journal.pone.0228349,2020,2,1,2019-11-07,2019-11-25,,18.0,,39,4,1022,66,-0.0021356113187399,-0.3135321898831942,0.0,1396.0,36,6,2
10.1371/journal.pone.0228349,2020,3,0,,2020-01-14,,,,0,0,0,0,-0.0021356113187399,-0.3135321898831942,0.0,1396.0,36,6,2
10.1371/journal.pone.0230673,2020,1,1,2019-09-19,2020-01-02,2020-01-28,105.0,26.0,88,4,3510,190,-0.0021138619182401,-0.3094533325295124,0.0,2925.0,78,5,2
10.1371/journal.pone.0230673,2020,2,1,2020-01-28,2020-02-27,,30.0,,12,1,1115,62,-0.0021138619182401,-0.3094533325295124,0.0,2925.0,78,5,2
10.1371/journal.pone.0230673,2020,3,0,,2020-03-06,,,,0,0,0,0,-0.0021138619182401,-0.3094533325295124,0.0,2925.0,78,5,2
10.1371/journal.pone.0231588,2020,1,1,2019-11-21,2020-01-15,2020-03-03,55.0,48.0,61,3,3880,166,-0.0009225092250922,-0.0860284296996795,0.0,6239.0,73,11,7
10.1371/journal.pone.0231588,2020,2,1,2020-03-03,2020-03-27,,24.0,,2,1,0,0,-0.0009225092250922,-0.0860284296996795,0.0,6239.0,73,11,7
10.1371/journal.pone.0231590,2020,1,1,2019-11-14,2019-12-13,2020-01-08,29.0,26.0,44,3,3905,226,-0.0003373819163292,0.0237056673946268,0.0,1297.0,58,9,6
10.1371/journal.pone.0231590,2020,2,1,2020-01-08,2020-02-03,,26.0,,9,1,674,37,-0.0003373819163292,0.0237056673946268,0.0,1297.0,58,9,6
10.1371/journal.pone.0231590,2020,3,1,,2020-03-13,,,,5,1,328,24,-0.0003373819163292,0.0237056673946268,0.0,1297.0,58,9,6
10.1371/journal.pone.0231590,2020,4,0,,2020-03-27,,,,0,0,0,0,-0.0003373819163292,0.0237056673946268,0.0,1297.0,58,9,6
10.1371/journal.pone.0232351,2020,1,1,2019-11-07,2019-12-20,2020-02-02,43.0,44.0,78,4,1763,108,-0.0002378580879182,0.0423702507878337,0.0,1633.0,78,6,2
10.1371/journal.pone.0232351,2020,2,1,2020-02-02,2020-02-18,,16.0,,17,3,548,26,-0.0002378580879182,0.0423702507878337,0.0,1633.0,78,6,2
10.1371/journal.pone.0232351,2020,3,1,,2020-04-14,,,,7,2,0,0,-0.0002378580879182,0.0423702507878337,0.0,1633.0,78,6,2
10.1371/journal.pone.0232681,2020,1,1,2019-07-17,2019-09-25,2020-02-17,70.0,145.0,99,3,5931,285,1.736533185149168e-05,0.0902345550278056,0.0,1482.0,33,6,1
10.1371/journal.pone.0232681,2020,2,1,2020-02-17,2020-04-21,,64.0,,1,1,0,0,1.736533185149168e-05,0.0902345550278056,0.0,1482.0,33,6,1
10.1371/journal.pone.0233041,2020,1,1,2019-06-19,2019-09-25,2019-11-21,98.0,57.0,68,3,3019,150,-0.0002903178980984,0.0325319988080502,0.0,2483.0,46,5,3
10.1371/journal.pone.0233041,2020,2,1,2019-11-21,2020-01-24,,64.0,,26,2,2619,117,-0.0002903178980984,0.0325319988080502,0.0,2483.0,46,5,3
10.1371/journal.pone.0233041,2020,3,0,,2020-04-28,,,,0,0,0,0,-0.0002903178980984,0.0325319988080502,0.0,2483.0,46,5,3
10.1371/journal.pone.0233311,2020,1,1,2020-01-08,2020-02-28,2020-03-31,51.0,32.0,83,2,3658,158,0.0001120179228676,0.1079855922076415,0.0,5141.0,27,2,2
10.1371/journal.pone.0233311,2020,2,1,2020-03-31,2020-05-04,,34.0,,4,2,0,0,0.0001120179228676,0.1079855922076415,0.0,5141.0,27,2,2
10.1371/journal.pone.0234027,2020,1,1,2019-07-10,2019-09-30,2020-03-05,82.0,157.0,159,3,4868,234,-0.0011760782179781,-0.1335824646399921,0.0,3674.0,71,10,5
10.1371/journal.pone.0234027,2020,2,1,2020-03-05,2020-04-20,,46.0,,26,1,519,31,-0.0011760782179781,-0.1335824646399921,0.0,3674.0,71,10,5
10.1371/journal.pone.0234027,2020,3,1,,2020-05-19,,,,2,1,0,0,-0.0011760782179781,-0.1335824646399921,0.0,3674.0,71,10,5
10.1371/journal.pone.0234121,2020,1,1,2019-11-20,2020-02-12,2020-04-06,84.0,54.0,81,4,2777,133,-0.0003162666479249,0.0276656003503253,0.0,1123.0,47,3,3
10.1371/journal.pone.0234121,2020,2,1,2020-04-06,2020-05-08,,32.0,,10,2,471,22,-0.0003162666479249,0.0276656003503253,0.0,1123.0,47,3,3
10.1371/journal.pone.0234121,2020,3,0,,2020-05-20,,,,0,0,0,0,-0.0003162666479249,0.0276656003503253,0.0,1123.0,47,3,3
10.1371/journal.pone.0235209,2020,1,1,2019-11-29,2020-01-24,2020-05-09,56.0,106.0,91,3,6375,295,-0.0024981631153563,-0.3815247334814856,0.0,4192.0,61,3,2
10.1371/journal.pone.0235209,2020,2,1,2020-05-09,2020-05-22,,13.0,,27,2,1030,53,-0.0024981631153563,-0.3815247334814856,0.0,4192.0,61,3,2
10.1371/journal.pone.0235209,2020,3,1,,2020-06-11,,,,7,1,0,0,-0.0024981631153563,-0.3815247334814856,0.0,4192.0,61,3,2
10.1371/journal.pone.0235606,2020,1,1,2019-11-25,2020-04-06,2020-04-24,133.0,18.0,55,4,2585,123,-0.0006066734074823,-0.0267969466421997,0.0,1463.0,46,9,3
10.1371/journal.pone.0235606,2020,2,1,2020-04-24,2020-05-27,,33.0,,28,3,1366,63,-0.0006066734074823,-0.0267969466421997,0.0,1463.0,46,9,3
10.1371/journal.pone.0235606,2020,3,1,,2020-06-19,,,,4,2,0,0,-0.0006066734074823,-0.0267969466421997,0.0,1463.0,46,9,3
10.1371/journal.pone.0235756,2020,1,1,2019-12-24,2020-03-09,2020-03-26,76.0,17.0,23,2,1599,77,0.0,0.0869778808255796,0.0,2921.0,46,2,1
10.1371/journal.pone.0235756,2020,2,1,2020-03-26,2020-05-01,,36.0,,34,4,2709,134,0.0,0.0869778808255796,0.0,2921.0,46,2,1
10.1371/journal.pone.0235756,2020,3,1,,2020-05-26,,,,20,4,22,2,0.0,0.0869778808255796,0.0,2921.0,46,2,1
10.1371/journal.pone.0235756,2020,4,1,,2020-06-23,,,,2,1,0,0,0.0,0.0869778808255796,0.0,2921.0,46,2,1
10.1371/journal.pone.0236133,2020,1,1,2020-03-23,2020-04-23,2020-06-18,31.0,56.0,98,5,7669,377,-0.0015915503146929,-0.2114996199634385,0.0,1525.0,61,6,1
10.1371/journal.pone.0236133,2020,2,1,2020-06-18,2020-06-30,,12.0,,1,1,0,0,-0.0015915503146929,-0.2114996199634385,0.0,1525.0,61,6,1
10.1371/journal.pone.0236703,2020,1,1,2020-01-22,2020-04-09,2020-05-21,78.0,42.0,123,4,6906,340,-3.749548882400086e-05,0.079946020323444,0.0,5736.0,61,14,7
10.1371/journal.pone.0236703,2020,2,1,2020-05-21,2020-07-01,,41.0,,16,3,649,32,-3.749548882400086e-05,0.079946020323444,0.0,5736.0,61,14,7
10.1371/journal.pone.0236703,2020,3,0,,2020-07-14,,,,0,0,0,0,-3.749548882400086e-05,0.079946020323444,0.0,5736.0,61,14,7
10.1371/journal.pone.0236791,2020,1,1,2019-11-28,2020-01-24,2020-03-26,57.0,62.0,63,2,5531,247,-3.563849028227466e-06,0.0863095207107189,0.0,2484.0,58,6,3
10.1371/journal.pone.0236791,2020,2,1,2020-03-26,2020-06-26,,92.0,,87,3,32,3,-3.563849028227466e-06,0.0863095207107189,0.0,2484.0,58,6,3
10.1371/journal.pone.0236791,2020,3,0,,2020-07-15,,,,0,0,0,0,-3.563849028227466e-06,0.0863095207107189,0.0,2484.0,58,6,3
10.1371/journal.pone.0236994,2020,1,1,2019-12-30,2020-04-08,2020-05-24,100.0,46.0,82,3,4222,183,8.821609414421567e-05,0.1035218248444747,0.0,2925.0,50,5,3
10.1371/journal.pone.0236994,2020,2,1,2020-05-24,2020-07-09,,46.0,,3,2,368,12,8.821609414421567e-05,0.1035218248444747,0.0,2925.0,50,5,3
10.1371/journal.pone.0236994,2020,3,0,,2020-07-20,,,,0,0,0,0,8.821609414421567e-05,0.1035218248444747,0.0,2925.0,50,5,3
10.1371/journal.pone.0237001,2020,1,1,2020-02-04,2020-03-17,2020-04-15,42.0,29.0,90,2,4907,193,-0.0001373626373626,0.0612170510715493,0.0,2466.0,61,8,7
10.1371/journal.pone.0237001,2020,2,1,2020-04-15,2020-05-11,,26.0,,34,2,1961,73,-0.0001373626373626,0.0612170510715493,0.0,2466.0,61,8,7
10.1371/journal.pone.0237001,2020,3,1,,2020-07-04,,,,18,2,578,30,-0.0001373626373626,0.0612170510715493,0.0,2466.0,61,8,7
10.1371/journal.pone.0237001,2020,4,0,,2020-07-20,,,,0,0,0,0,-0.0001373626373626,0.0612170510715493,0.0,2466.0,61,8,7
10.1371/journal.pone.0237829,2020,1,1,2020-07-30,2020-09-10,2020-10-16,42.0,36.0,128,5,5877,264,-2.4045542257034825e-05,0.0824684077088711,0.0,2964.0,95,5,2
10.1371/journal.pone.0237829,2020,2,1,2020-10-16,2020-11-09,,24.0,,13,2,531,21,-2.4045542257034825e-05,0.0824684077088711,0.0,2964.0,95,5,2
10.1371/journal.pone.0237829,2020,3,0,,2020-11-19,,,,0,0,0,0,-2.4045542257034825e-05,0.0824684077088711,0.0,2964.0,95,5,2
10.1371/journal.pone.0237933,2020,1,1,2020-03-10,2020-04-27,2020-06-16,48.0,50.0,40,2,2459,135,-0.0002756339581036,0.0352858078902529,0.0,4079.0,65,8,6
10.1371/journal.pone.0237933,2020,2,1,2020-06-16,2020-07-20,,34.0,,22,2,892,45,-0.0002756339581036,0.0352858078902529,0.0,4079.0,65,8,6
10.1371/journal.pone.0237933,2020,3,1,,2020-08-06,,,,3,2,0,0,-0.0002756339581036,0.0352858078902529,0.0,4079.0,65,8,6
10.1371/journal.pone.0238471,2020,1,1,2020-05-06,2020-06-22,2020-07-29,47.0,37.0,101,4,7414,268,-0.0033757173399347,-0.5461002353307921,0.0,2830.0,73,5,4
10.1371/journal.pone.0238471,2020,2,1,2020-07-29,2020-08-11,,13.0,,20,4,957,30,-0.0033757173399347,-0.5461002353307921,0.0,2830.0,73,5,4
10.1371/journal.pone.0238471,2020,3,0,,2020-08-18,,,,0,0,0,0,-0.0033757173399347,-0.5461002353307921,0.0,2830.0,73,5,4
10.1371/journal.pone.0238715,2020,1,1,2020-03-28,2020-06-02,2020-07-15,66.0,43.0,66,4,2065,117,-7.797574954189247e-05,0.0723543991608448,0.0,3452.0,48,5,2
10.1371/journal.pone.0238715,2020,2,1,2020-07-15,2020-08-24,,40.0,,9,3,0,0,-7.797574954189247e-05,0.0723543991608448,0.0,3452.0,48,5,2
10.1371/journal.pone.0238730,2020,1,1,2020-02-26,2020-06-19,2020-07-20,114.0,31.0,98,3,5712,252,-0.0007102272727272,-0.0462173184708493,0.0,2509.0,26,5,1
10.1371/journal.pone.0238730,2020,2,1,2020-07-20,2020-08-20,,31.0,,6,2,88,9,-0.0007102272727272,-0.0462173184708493,0.0,2509.0,26,5,1
10.1371/journal.pone.0238730,2020,3,0,,2020-08-24,,,,0,0,0,0,-0.0007102272727272,-0.0462173184708493,0.0,2509.0,26,5,1
10.1371/journal.pone.0238848,2020,1,1,2020-01-05,2020-03-13,2020-04-28,68.0,46.0,38,2,2951,97,0.0,0.0869778808255796,0.0,465.0,125,3,2
10.1371/journal.pone.0238848,2020,2,1,2020-04-28,2020-05-21,,23.0,,50,2,2740,90,0.0,0.0869778808255796,0.0,465.0,125,3,2
10.1371/journal.pone.0238848,2020,3,1,,2020-08-26,,,,1,1,0,0,0.0,0.0869778808255796,0.0,465.0,125,3,2
10.1371/journal.pone.0240662,2020,1,1,2020-03-13,2020-05-12,2020-07-20,60.0,69.0,49,2,1300,90,-0.0003354241438298,0.0240728257793412,0.0,1400.0,34,7,1
10.1371/journal.pone.0240662,2020,2,1,2020-07-20,2020-08-17,,28.0,,38,2,888,65,-0.0003354241438298,0.0240728257793412,0.0,1400.0,34,7,1
10.1371/journal.pone.0240662,2020,3,1,,2020-09-14,,,,13,1,590,40,-0.0003354241438298,0.0240728257793412,0.0,1400.0,34,7,1
10.1371/journal.pone.0240662,2020,4,0,,2020-10-01,,,,0,0,0,0,-0.0003354241438298,0.0240728257793412,0.0,1400.0,34,7,1
10.1371/journal.pone.0241573,2020,1,1,2020-05-24,2020-07-05,2020-08-17,42.0,43.0,29,2,1339,43,3.6001526464722105e-06,0.0876530492789158,0.0,3862.0,97,4,3
10.1371/journal.pone.0241573,2020,2,1,2020-08-17,2020-09-29,,43.0,,3,1,146,7,3.6001526464722105e-06,0.0876530492789158,0.0,3862.0,97,4,3
10.1371/journal.pone.0241573,2020,3,1,,2020-10-19,,,,4,2,0,0,3.6001526464722105e-06,0.0876530492789158,0.0,3862.0,97,4,3
10.1371/journal.pone.0241636,2020,1,1,2020-06-18,2020-07-14,2020-08-10,26.0,27.0,52,3,2770,115,0.0,0.0869778808255796,0.0,731.0,41,10,3
10.1371/journal.pone.0241636,2020,2,1,2020-08-10,2020-08-26,,16.0,,16,3,676,32,0.0,0.0869778808255796,0.0,731.0,41,10,3
10.1371/journal.pone.0241636,2020,3,1,,2020-10-12,,,,2,1,163,6,0.0,0.0869778808255796,0.0,731.0,41,10,3
10.1371/journal.pone.0241636,2020,4,0,,2020-10-19,,,,0,0,0,0,0.0,0.0869778808255796,0.0,731.0,41,10,3
10.1371/journal.pone.0241901,2020,1,1,2020-06-23,2020-07-13,2020-08-23,20.0,41.0,196,4,8904,473,-7.924034918580541e-05,0.0721172376097903,0.0,2458.0,74,7,1
10.1371/journal.pone.0241901,2020,2,1,2020-08-23,2020-09-23,,31.0,,59,3,1865,110,-7.924034918580541e-05,0.0721172376097903,0.0,2458.0,74,7,1
10.1371/journal.pone.0241901,2020,3,1,,2020-10-20,,,,14,2,168,9,-7.924034918580541e-05,0.0721172376097903,0.0,2458.0,74,7,1
10.1371/journal.pone.0241901,2020,4,0,,2020-10-23,,,,0,0,0,0,-7.924034918580541e-05,0.0721172376097903,0.0,2458.0,74,7,1
10.1371/journal.pone.0242365,2020,1,1,2020-05-16,2020-07-02,2020-08-21,47.0,50.0,36,2,3312,212,0.0001197748233321,0.1094403123274762,0.0,1379.0,48,12,3
10.1371/journal.pone.0242365,2020,2,1,2020-08-21,2020-09-28,,38.0,,12,3,2122,128,0.0001197748233321,0.1094403123274762,0.0,1379.0,48,12,3
10.1371/journal.pone.0242365,2020,3,1,,2020-11-02,,,,1,1,0,0,0.0001197748233321,0.1094403123274762,0.0,1379.0,48,12,3
10.1371/journal.pone.0242544,2020,1,1,2020-04-01,2020-08-10,2020-10-13,131.0,64.0,94,4,3159,175,-0.000168956972291,0.0552918861292524,0.0,1046.0,69,15,4
10.1371/journal.pone.0242544,2020,2,1,2020-10-13,2020-11-03,,21.0,,9,2,127,12,-0.000168956972291,0.0552918861292524,0.0,1046.0,69,15,4
10.1371/journal.pone.0242544,2020,3,0,,2020-11-05,,,,0,0,0,0,-0.000168956972291,0.0552918861292524,0.0,1046.0,69,15,4
10.1371/journal.pone.0242931,2020,1,1,2020-05-26,2020-07-07,2020-10-02,42.0,87.0,107,5,7296,353,-0.0009244992295839,-0.0864016328348604,0.0,777.0,45,6,2
10.1371/journal.pone.0242931,2020,2,1,2020-10-02,2020-11-12,,41.0,,16,4,0,0,-0.0009244992295839,-0.0864016328348604,0.0,777.0,45,6,2
10.1371/journal.pone.0243421,2020,1,1,2020-09-01,2020-10-15,2020-10-27,44.0,12.0,89,5,2949,187,-0.0076645626690712,-1.350425315910054,0.0,1200.0,22,8,1
10.1371/journal.pone.0243421,2020,2,1,2020-10-27,2020-11-23,,27.0,,13,3,0,0,-0.0076645626690712,-1.350425315910054,0.0,1200.0,22,8,1
10.1371/journal.pone.0243609,2020,1,1,2020-04-07,2020-07-13,2020-08-26,97.0,44.0,98,3,3397,189,1.8175539359130483e-05,0.0903865004044412,0.0,2267.0,31,13,1
10.1371/journal.pone.0243609,2020,2,1,2020-08-26,2020-10-16,,51.0,,20,3,677,37,1.8175539359130483e-05,0.0903865004044412,0.0,2267.0,31,13,1
10.1371/journal.pone.0243609,2020,3,1,,2020-11-25,,,,2,1,0,0,1.8175539359130483e-05,0.0903865004044412,0.0,2267.0,31,13,1
10.1371/journal.pone.0244539,2020,1,1,2019-10-09,2019-12-02,2020-01-16,54.0,45.0,174,3,32,3,-0.006936416184971,-1.2138695684880982,0.0,1678.0,47,8,9
10.1371/journal.pone.0244539,2020,2,1,2020-01-16,2020-02-27,,42.0,,31,2,1648,45,-0.006936416184971,-1.2138695684880982,0.0,1678.0,47,8,9
10.1371/journal.pone.0244539,2020,3,1,,2020-10-21,,,,5,2,564,32,-0.006936416184971,-1.2138695684880982,0.0,1678.0,47,8,9
10.1371/journal.pone.0244539,2020,4,1,,2020-11-24,,,,34,1,1125,51,-0.006936416184971,-1.2138695684880982,0.0,1678.0,47,8,9
10.1371/journal.pone.0244539,2020,5,0,,2020-12-14,,,,0,0,0,0,-0.006936416184971,-1.2138695684880982,0.0,1678.0,47,8,9
10.1371/journal.pone.0235598,2020,1,0,2019-09-25,2019-10-10,2019-11-13,15.0,34.0,0,0,367,24,0.0013793103448275,0.3456521437350685,1.0,712.0,28,7,5
10.1371/journal.pone.0235598,2020,2,1,2019-11-13,2019-12-18,,35.0,,41,3,3204,161,0.0013793103448275,0.3456521437350685,1.0,712.0,28,7,5
10.1371/journal.pone.0235598,2020,3,1,,2020-04-21,,,,7,2,827,46,0.0013793103448275,0.3456521437350685,1.0,712.0,28,7,5
10.1371/journal.pone.0235598,2020,4,1,,2020-05-13,,,,10,3,938,50,0.0013793103448275,0.3456521437350685,1.0,712.0,28,7,5
10.1371/journal.pone.0235598,2020,5,1,,2020-06-02,,,,2,1,465,27,0.0013793103448275,0.3456521437350685,1.0,712.0,28,7,5
10.1371/journal.pone.0235598,2020,6,1,,2020-06-19,,,,2,1,0,0,0.0013793103448275,0.3456521437350685,1.0,712.0,28,7,5
10.1371/journal.pone.0238768,2020,1,1,2019-07-08,2019-09-20,2019-11-25,74.0,66.0,28,2,1260,74,0.0023382696804364,0.5254942657267138,1.0,1576.0,43,4,2
10.1371/journal.pone.0238768,2020,2,1,2019-11-25,2020-01-21,,57.0,,25,2,934,60,0.0023382696804364,0.5254942657267138,1.0,1576.0,43,4,2
10.1371/journal.pone.0238768,2020,3,1,,2020-04-22,,,,2,1,862,55,0.0023382696804364,0.5254942657267138,1.0,1576.0,43,4,2
10.1371/journal.pone.0238768,2020,4,0,,2020-08-25,,,,0,0,0,0,0.0023382696804364,0.5254942657267138,1.0,1576.0,43,4,2
10.1371/journal.pone.0241620,2020,1,1,2020-07-24,2020-08-07,2020-08-26,14.0,19.0,93,3,4228,213,0.0014727540500736,0.3631764678791678,1.0,2143.0,18,4,4
10.1371/journal.pone.0241620,2020,2,1,2020-08-26,2020-09-04,,9.0,,33,2,1228,57,0.0014727540500736,0.3631764678791678,1.0,2143.0,18,4,4
10.1371/journal.pone.0241620,2020,3,1,,2020-10-07,,,,11,1,571,23,0.0014727540500736,0.3631764678791678,1.0,2143.0,18,4,4
10.1371/journal.pone.0241620,2020,4,1,,2020-10-19,,,,1,1,0,0,0.0014727540500736,0.3631764678791678,1.0,2143.0,18,4,4
10.1371/journal.pone.0244160,2020,1,1,2020-07-24,2020-08-27,2020-09-20,34.0,24.0,75,3,73,6,0.0016,0.3870400258006055,1.0,3185.0,25,7,0
10.1371/journal.pone.0244160,2020,2,1,2020-09-20,2020-10-08,,18.0,,8,1,1637,85,0.0016,0.3870400258006055,1.0,3185.0,25,7,0
10.1371/journal.pone.0244160,2020,3,0,,2020-10-26,,,,0,0,1021,46,0.0016,0.3870400258006055,1.0,3185.0,25,7,0
10.1371/journal.pone.0244160,2020,4,1,,2020-11-16,,,,27,1,1698,108,0.0016,0.3870400258006055,1.0,3185.0,25,7,0
10.1371/journal.pone.0244160,2020,5,0,,2020-11-27,,,,0,0,914,43,0.0016,0.3870400258006055,1.0,3185.0,25,7,0
10.1371/journal.pone.0244160,2020,6,0,,2020-12-04,,,,0,0,0,0,0.0016,0.3870400258006055,1.0,3185.0,25,7,0
10.1371/journal.pone.0235451,2021,1,1,2020-06-13,2020-09-07,2020-11-09,86.0,63.0,38,3,2400,120,-0.0003514252245216,0.0210720016579037,0.0,2070.0,41,5,1
10.1371/journal.pone.0235451,2021,2,1,2020-11-09,2020-12-30,,51.0,,64,3,1034,47,-0.0003514252245216,0.0210720016579037,0.0,2070.0,41,5,1
10.1371/journal.pone.0235451,2021,3,1,,2021-03-08,,,,24,1,257,18,-0.0003514252245216,0.0210720016579037,0.0,2070.0,41,5,1
10.1371/journal.pone.0235451,2021,4,1,,2021-03-29,,,,2,1,0,0,-0.0003514252245216,0.0210720016579037,0.0,2070.0,41,5,1
10.1371/journal.pone.0236770,2021,1,1,2020-07-10,2020-08-11,2020-09-16,32.0,36.0,22,2,2130,104,-0.0019321004692243,-0.2753660011136063,0.0,3435.0,80,6,1
10.1371/journal.pone.0236770,2021,2,1,2020-09-16,2020-10-15,,29.0,,7,2,637,37,-0.0019321004692243,-0.2753660011136063,0.0,3435.0,80,6,1
10.1371/journal.pone.0236770,2021,3,1,,2021-02-01,,,,24,3,1325,66,-0.0019321004692243,-0.2753660011136063,0.0,3435.0,80,6,1
10.1371/journal.pone.0236770,2021,4,0,,2021-02-25,,,,0,0,0,0,-0.0019321004692243,-0.2753660011136063,0.0,3435.0,80,6,1
10.1371/journal.pone.0241898,2021,1,1,2020-08-06,2020-09-09,2020-09-11,34.0,2.0,44,4,1310,74,-0.0030736876162743,-0.4894579311259459,0.0,2828.0,57,23,10
10.1371/journal.pone.0241898,2021,2,1,2020-09-11,2020-09-22,,11.0,,26,3,1736,83,-0.0030736876162743,-0.4894579311259459,0.0,2828.0,57,23,10
10.1371/journal.pone.0241898,2021,3,1,,2020-10-21,,,,9,1,279,16,-0.0030736876162743,-0.4894579311259459,0.0,2828.0,57,23,10
10.1371/journal.pone.0241898,2021,4,0,,2020-10-23,,,,0,0,0,0,-0.0030736876162743,-0.4894579311259459,0.0,2828.0,57,23,10
10.1371/journal.pone.0245116,2021,1,1,2020-02-27,2020-10-09,2020-11-13,225.0,35.0,43,2,4243,178,-9.58970449325604e-06,0.0851794387631276,0.0,387.0,56,5,1
10.1371/journal.pone.0245116,2021,2,1,2020-11-13,2020-12-17,,34.0,,9,1,766,36,-9.58970449325604e-06,0.0851794387631276,0.0,387.0,56,5,1
10.1371/journal.pone.0245116,2021,3,1,,2020-12-23,,,,2,1,0,0,-9.58970449325604e-06,0.0851794387631276,0.0,387.0,56,5,1
10.1371/journal.pone.0247113,2021,1,1,2020-07-03,2020-09-25,2020-11-09,84.0,45.0,84,5,3720,154,-0.0001254862592546,0.0634443332525624,0.0,1999.0,44,4,2
10.1371/journal.pone.0247113,2021,2,1,2020-11-09,2020-11-26,,17.0,,79,2,2704,116,-0.0001254862592546,0.0634443332525624,0.0,1999.0,44,4,2
10.1371/journal.pone.0247113,2021,3,1,,2021-01-12,,,,116,1,3464,145,-0.0001254862592546,0.0634443332525624,0.0,1999.0,44,4,2
10.1371/journal.pone.0247113,2021,4,1,,2021-01-27,,,,17,1,545,27,-0.0001254862592546,0.0634443332525624,0.0,1999.0,44,4,2
10.1371/journal.pone.0247113,2021,5,0,,2021-02-02,,,,0,0,0,0,-0.0001254862592546,0.0634443332525624,0.0,1999.0,44,4,2
10.1371/journal.pone.0247360,2021,1,1,2020-06-30,2020-09-11,2021-01-04,73.0,115.0,129,4,6707,345,-0.0005355230274901,-0.0134534868695448,0.0,644.0,34,8,3
10.1371/journal.pone.0247360,2021,2,1,2021-01-04,2021-02-08,,35.0,,6,1,0,0,-0.0005355230274901,-0.0134534868695448,0.0,644.0,34,8,3
10.1371/journal.pone.0247434,2021,1,1,2020-08-30,2020-10-14,2020-12-04,45.0,51.0,103,5,5331,267,-0.000132126577261,0.0621990157123645,0.0,4354.0,63,10,3
10.1371/journal.pone.0247434,2021,2,1,2020-12-04,2020-12-30,,26.0,,18,4,665,31,-0.000132126577261,0.0621990157123645,0.0,4354.0,63,10,3
10.1371/journal.pone.0247434,2021,3,1,,2021-02-08,,,,3,1,0,0,-0.000132126577261,0.0621990157123645,0.0,4354.0,63,10,3
10.1371/journal.pone.0247973,2021,1,1,2019-11-15,2020-02-05,2020-06-08,82.0,124.0,39,2,1926,89,-0.0006466910972192,-0.0343018177793242,0.0,1420.0,39,5,3
10.1371/journal.pone.0247973,2021,2,1,2020-06-08,2020-11-16,,161.0,,89,2,3159,128,-0.0006466910972192,-0.0343018177793242,0.0,1420.0,39,5,3
10.1371/journal.pone.0247973,2021,3,1,,2021-01-20,,,,7,2,203,8,-0.0006466910972192,-0.0343018177793242,0.0,1420.0,39,5,3
10.1371/journal.pone.0247973,2021,4,0,,2021-02-18,,,,0,0,0,0,-0.0006466910972192,-0.0343018177793242,0.0,1420.0,39,5,3
10.1371/journal.pone.0248114,2021,1,1,2020-04-10,2020-06-25,2021-01-03,76.0,192.0,118,6,8816,340,-0.0001129433024621,0.0657966248272415,0.0,2030.0,32,7,2
10.1371/journal.pone.0248114,2021,2,1,2021-01-03,2021-02-22,,50.0,,15,3,0,0,-0.0001129433024621,0.0657966248272415,0.0,2030.0,32,7,2
10.1371/journal.pone.0248966,2021,1,1,2020-10-20,2020-12-01,2021-02-18,42.0,79.0,66,5,2245,125,0.0,0.0869778808255796,0.0,881.0,31,5,2
10.1371/journal.pone.0248966,2021,2,1,2021-02-18,2021-03-09,,19.0,,13,4,0,0,0.0,0.0869778808255796,0.0,881.0,31,5,2
10.1371/journal.pone.0249396,2021,1,1,2020-10-01,2020-12-14,2020-12-30,74.0,16.0,47,2,2358,128,-0.0002261739843374,0.0445614740269369,0.0,1318.0,61,6,3
10.1371/journal.pone.0249396,2021,2,1,2020-12-30,2021-01-20,,21.0,,9,2,539,31,-0.0002261739843374,0.0445614740269369,0.0,1318.0,61,6,3
10.1371/journal.pone.0249396,2021,3,1,,2021-03-03,,,,4,1,467,26,-0.0002261739843374,0.0445614740269369,0.0,1318.0,61,6,3
10.1371/journal.pone.0249396,2021,4,1,,2021-03-18,,,,1,1,0,0,-0.0002261739843374,0.0445614740269369,0.0,1318.0,61,6,3
10.1371/journal.pone.0249957,2021,1,1,2020-10-02,2020-12-04,2021-01-25,63.0,52.0,60,3,1000,45,3.2682408693520713e-05,0.0931071018602847,0.0,2459.0,46,4,1
10.1371/journal.pone.0249957,2021,2,1,2021-01-25,2021-02-17,,23.0,,16,2,749,29,3.2682408693520713e-05,0.0931071018602847,0.0,2459.0,46,4,1
10.1371/journal.pone.0249957,2021,3,1,,2021-03-29,,,,5,2,0,0,3.2682408693520713e-05,0.0931071018602847,0.0,2459.0,46,4,1
10.1371/journal.pone.0250168,2021,1,1,2020-07-01,2020-08-26,2020-09-15,56.0,20.0,66,2,4513,272,-2.241700105359905e-05,0.0827738224380481,0.0,1611.0,23,5,1
10.1371/journal.pone.0250168,2021,2,1,2020-09-15,2020-09-22,,7.0,,5,1,887,43,-2.241700105359905e-05,0.0827738224380481,0.0,1611.0,23,5,1
10.1371/journal.pone.0250168,2021,3,1,,2020-11-11,,,,31,1,2552,149,-2.241700105359905e-05,0.0827738224380481,0.0,1611.0,23,5,1
10.1371/journal.pone.0250168,2021,4,1,,2020-11-26,,,,23,1,1880,111,-2.241700105359905e-05,0.0827738224380481,0.0,1611.0,23,5,1
10.1371/journal.pone.0250168,2021,5,1,,2021-03-09,,,,9,1,1199,75,-2.241700105359905e-05,0.0827738224380481,0.0,1611.0,23,5,1
10.1371/journal.pone.0250168,2021,6,0,,2021-04-01,,,,0,0,0,0,-2.241700105359905e-05,0.0827738224380481,0.0,1611.0,23,5,1
10.1371/journal.pone.0250445,2021,1,1,2020-06-17,2020-07-07,2020-08-19,20.0,43.0,32,2,5248,181,0.0,0.0869778808255796,0.0,1870.0,24,6,4
10.1371/journal.pone.0250445,2021,2,1,2020-08-19,2020-09-03,,15.0,,3,1,84,7,0.0,0.0869778808255796,0.0,1870.0,24,6,4
10.1371/journal.pone.0250445,2021,3,1,,2020-10-29,,,,12,3,693,29,0.0,0.0869778808255796,0.0,1870.0,24,6,4
10.1371/journal.pone.0250445,2021,4,1,,2020-12-17,,,,16,2,570,29,0.0,0.0869778808255796,0.0,1870.0,24,6,4
10.1371/journal.pone.0250445,2021,5,1,,2021-03-19,,,,10,1,427,19,0.0,0.0869778808255796,0.0,1870.0,24,6,4
10.1371/journal.pone.0250445,2021,6,0,,2021-04-07,,,,0,0,0,0,0.0,0.0869778808255796,0.0,1870.0,24,6,4
10.1371/journal.pone.0250963,2021,1,1,2020-07-22,2020-09-14,2020-10-12,54.0,28.0,54,3,71,3,8.524168147740882e-06,0.0885764934371664,0.0,1274.0,34,3,2
10.1371/journal.pone.0250963,2021,2,1,2020-10-12,2020-12-16,,65.0,,52,2,2470,108,8.524168147740882e-06,0.0885764934371664,0.0,1274.0,34,3,2
10.1371/journal.pone.0250963,2021,3,1,,2021-03-26,,,,27,2,50,3,8.524168147740882e-06,0.0885764934371664,0.0,1274.0,34,3,2
10.1371/journal.pone.0250963,2021,4,0,,2021-04-19,,,,0,0,0,0,8.524168147740882e-06,0.0885764934371664,0.0,1274.0,34,3,2
10.1371/journal.pone.0251025,2021,1,1,2020-12-03,2021-01-18,2021-02-12,46.0,25.0,30,2,1869,95,0.0001053363389302,0.1067325357025871,0.0,2809.0,81,5,2
10.1371/journal.pone.0251025,2021,2,1,2021-02-12,2021-03-12,,28.0,,16,2,1251,63,0.0001053363389302,0.1067325357025871,0.0,2809.0,81,5,2
10.1371/journal.pone.0251025,2021,3,1,,2021-04-19,,,,4,2,0,0,0.0001053363389302,0.1067325357025871,0.0,2809.0,81,5,2
10.1371/journal.pone.0251175,2021,1,1,2020-08-17,2021-01-03,2021-01-06,139.0,3.0,41,2,2440,119,-0.0008894159501927,-0.0798221552930593,0.0,2595.0,27,4,3
10.1371/journal.pone.0251175,2021,2,1,2021-01-06,2021-03-05,,58.0,,14,1,899,41,-0.0008894159501927,-0.0798221552930593,0.0,2595.0,27,4,3
10.1371/journal.pone.0251175,2021,3,1,,2021-04-22,,,,2,1,0,0,-0.0008894159501927,-0.0798221552930593,0.0,2595.0,27,4,3
10.1371/journal.pone.0251329,2021,1,1,2020-11-24,2020-12-21,2021-03-03,27.0,72.0,66,4,2255,113,0.0,0.0869778808255796,0.0,2866.0,36,2,1
10.1371/journal.pone.0251329,2021,2,1,2021-03-03,2021-03-19,,16.0,,27,3,1129,59,0.0,0.0869778808255796,0.0,2866.0,36,2,1
10.1371/journal.pone.0251329,2021,3,1,,2021-04-26,,,,7,3,0,0,0.0,0.0869778808255796,0.0,2866.0,36,2,1
10.1371/journal.pone.0252477,2021,1,1,2021-02-05,2021-03-24,2021-04-08,47.0,15.0,154,5,4701,155,-0.0007037297677691,-0.0449987839241535,0.0,2965.0,41,3,3
10.1371/journal.pone.0252477,2021,2,1,2021-04-08,2021-05-05,,27.0,,22,4,959,42,-0.0007037297677691,-0.0449987839241535,0.0,2965.0,41,3,3
10.1371/journal.pone.0252477,2021,3,0,,2021-05-17,,,,0,0,0,0,-0.0007037297677691,-0.0449987839241535,0.0,2965.0,41,3,3
10.1371/journal.pone.0252907,2021,1,1,2021-02-12,2021-03-30,2021-05-02,46.0,33.0,55,4,5995,264,0.0,0.0869778808255796,0.0,1749.0,32,11,3
10.1371/journal.pone.0252907,2021,2,1,2021-05-02,2021-05-25,,23.0,,7,2,0,0,0.0,0.0869778808255796,0.0,1749.0,32,11,3
10.1371/journal.pone.0252913,2021,1,1,2020-03-16,2020-10-12,2020-11-25,210.0,44.0,77,2,3568,191,-4.3240438458045966e-05,0.0788686191297159,0.0,5029.0,74,8,1
10.1371/journal.pone.0252913,2021,2,1,2020-11-25,2021-02-05,,72.0,,29,2,1637,64,-4.3240438458045966e-05,0.0788686191297159,0.0,5029.0,74,8,1
10.1371/journal.pone.0252913,2021,3,1,,2021-05-03,,,,51,2,2330,117,-4.3240438458045966e-05,0.0788686191297159,0.0,5029.0,74,8,1
10.1371/journal.pone.0252913,2021,4,0,,2021-05-26,,,,0,0,0,0,-4.3240438458045966e-05,0.0788686191297159,0.0,5029.0,74,8,1
10.1371/journal.pone.0253044,2021,1,1,2020-09-29,2021-02-05,2021-03-05,129.0,28.0,37,2,4473,176,-2.980981339056817e-05,0.0813873829835301,0.0,1368.0,64,10,3
10.1371/journal.pone.0253044,2021,2,1,2021-03-05,2021-04-12,,38.0,,33,1,1672,85,-2.980981339056817e-05,0.0813873829835301,0.0,1368.0,64,10,3
10.1371/journal.pone.0253044,2021,3,1,,2021-05-28,,,,1,1,0,0,-2.980981339056817e-05,0.0813873829835301,0.0,1368.0,64,10,3
10.1371/journal.pone.0253125,2021,1,1,2020-09-29,2020-12-17,2021-02-08,79.0,53.0,61,3,4978,247,6.92933464528736e-05,0.0999730746812963,0.0,1434.0,41,15,4
10.1371/journal.pone.0253125,2021,2,1,2021-02-08,2021-03-19,,39.0,,16,2,958,61,6.92933464528736e-05,0.0999730746812963,0.0,1434.0,41,15,4
10.1371/journal.pone.0253125,2021,3,1,,2021-04-23,,,,9,2,620,35,6.92933464528736e-05,0.0999730746812963,0.0,1434.0,41,15,4
10.1371/journal.pone.0253125,2021,4,1,,2021-06-01,,,,4,2,0,0,6.92933464528736e-05,0.0999730746812963,0.0,1434.0,41,15,4
10.1371/journal.pone.0253239,2021,1,1,2021-02-18,2021-03-29,2021-05-12,39.0,44.0,51,4,3447,151,0.0,0.0869778808255796,0.0,1868.0,36,7,4
10.1371/journal.pone.0253239,2021,2,1,2021-05-12,2021-06-01,,20.0,,2,1,0,0,0.0,0.0869778808255796,0.0,1868.0,36,7,4
10.1371/journal.pone.0253808,2021,1,1,2021-03-24,2021-05-05,2021-05-07,42.0,2.0,119,8,3081,170,-0.000805683732513,-0.0641191122677552,0.0,718.0,40,8,2
10.1371/journal.pone.0253808,2021,2,1,2021-05-07,2021-06-07,,31.0,,10,3,685,32,-0.000805683732513,-0.0641191122677552,0.0,718.0,40,8,2
10.1371/journal.pone.0253808,2021,3,0,,2021-06-14,,,,0,0,0,0,-0.000805683732513,-0.0641191122677552,0.0,718.0,40,8,2
10.1371/journal.pone.0253839,2021,1,1,2020-03-02,2020-07-28,2020-09-18,148.0,52.0,57,3,2220,122,-1.7785049887064935e-05,0.0836424931895792,0.0,933.0,21,5,2
10.1371/journal.pone.0253839,2021,2,1,2020-09-18,2020-11-26,,69.0,,13,2,645,37,-1.7785049887064935e-05,0.0836424931895792,0.0,933.0,21,5,2
10.1371/journal.pone.0253839,2021,3,1,,2021-02-01,,,,10,1,393,22,-1.7785049887064935e-05,0.0836424931895792,0.0,933.0,21,5,2
10.1371/journal.pone.0253839,2021,4,1,,2021-03-24,,,,84,3,4178,207,-1.7785049887064935e-05,0.0836424931895792,0.0,933.0,21,5,2
10.1371/journal.pone.0253839,2021,5,1,,2021-06-07,,,,9,2,436,22,-1.7785049887064935e-05,0.0836424931895792,0.0,933.0,21,5,2
10.1371/journal.pone.0253839,2021,6,0,,2021-06-15,,,,0,0,0,0,-1.7785049887064935e-05,0.0836424931895792,0.0,933.0,21,5,2
10.1371/journal.pone.0254895,2021,1,1,2020-10-23,2021-01-25,2021-04-05,94.0,70.0,61,3,2679,142,-0.0015775981068822,-0.2088830390866786,0.0,2456.0,44,4,2
10.1371/journal.pone.0254895,2021,2,1,2021-04-05,2021-04-30,,25.0,,31,2,1331,70,-0.0015775981068822,-0.2088830390866786,0.0,2456.0,44,4,2
10.1371/journal.pone.0254895,2021,3,1,,2021-07-07,,,,2,1,0,0,-0.0015775981068822,-0.2088830390866786,0.0,2456.0,44,4,2
10.1371/journal.pone.0255078,2021,1,1,2020-06-29,2020-12-31,2021-03-16,185.0,75.0,29,2,2488,107,-3.390323049353417e-05,0.0806197082859092,0.0,2363.0,64,3,3
10.1371/journal.pone.0255078,2021,2,1,2021-03-16,2021-06-10,,86.0,,50,2,3938,143,-3.390323049353417e-05,0.0806197082859092,0.0,2363.0,64,3,3
10.1371/journal.pone.0255078,2021,3,0,,2021-07-12,,,,0,0,0,0,-3.390323049353417e-05,0.0806197082859092,0.0,2363.0,64,3,3
10.1371/journal.pone.0255766,2021,1,1,2020-05-27,2020-08-26,2021-01-08,91.0,135.0,155,1,24,2,-8.390141583639224e-05,0.0712431065741361,0.0,1214.0,29,3,3
10.1371/journal.pone.0255766,2021,2,1,2021-01-08,2021-04-27,,109.0,,64,3,2082,99,-8.390141583639224e-05,0.0712431065741361,0.0,1214.0,29,3,3
10.1371/journal.pone.0255766,2021,3,1,,2021-07-08,,,,70,3,3629,115,-8.390141583639224e-05,0.0712431065741361,0.0,1214.0,29,3,3
10.1371/journal.pone.0255766,2021,4,1,,2021-07-26,,,,1,1,0,0,-8.390141583639224e-05,0.0712431065741361,0.0,1214.0,29,3,3
10.1371/journal.pone.0255979,2021,1,1,2021-03-09,2021-04-16,2021-05-27,38.0,41.0,39,3,3938,171,-0.0037015945330296,-0.6072148663048523,0.0,2584.0,52,5,2
10.1371/journal.pone.0255979,2021,2,1,2021-05-27,2021-07-07,,41.0,,7,2,527,24,-0.0037015945330296,-0.6072148663048523,0.0,2584.0,52,5,2
10.1371/journal.pone.0255979,2021,3,0,,2021-07-28,,,,0,0,0,0,-0.0037015945330296,-0.6072148663048523,0.0,2584.0,52,5,2
10.1371/journal.pone.0256196,2021,1,1,2020-09-17,2021-01-19,2021-02-13,124.0,25.0,71,3,2683,131,-2.9012136743871187e-05,0.0815369783370328,0.0,4393.0,52,2,5
10.1371/journal.pone.0256196,2021,2,1,2021-02-13,2021-04-15,,61.0,,62,2,3804,171,-2.9012136743871187e-05,0.0815369783370328,0.0,4393.0,52,2,5
10.1371/journal.pone.0256196,2021,3,1,,2021-07-07,,,,12,2,592,24,-2.9012136743871187e-05,0.0815369783370328,0.0,4393.0,52,2,5
10.1371/journal.pone.0256196,2021,4,1,,2021-08-03,,,,1,1,0,0,-2.9012136743871187e-05,0.0815369783370328,0.0,4393.0,52,2,5
10.1371/journal.pone.0257279,2021,1,1,2020-09-25,2020-11-20,2021-01-12,56.0,53.0,127,5,6244,371,-0.0088987764182424,-1.5818883314937908,0.0,1329.0,41,6,2
10.1371/journal.pone.0257279,2021,2,1,2021-01-12,2021-02-09,,28.0,,22,3,2603,181,-0.0088987764182424,-1.5818883314937908,0.0,1329.0,41,6,2
10.1371/journal.pone.0257279,2021,3,1,,2021-04-11,,,,12,3,2157,144,-0.0088987764182424,-1.5818883314937908,0.0,1329.0,41,6,2
10.1371/journal.pone.0257279,2021,4,1,,2021-05-27,,,,15,2,1373,82,-0.0088987764182424,-1.5818883314937908,0.0,1329.0,41,6,2
10.1371/journal.pone.0257279,2021,5,0,,2021-06-22,,,,0,0,365,32,-0.0088987764182424,-1.5818883314937908,0.0,1329.0,41,6,2
10.1371/journal.pone.0257279,2021,6,0,,2021-07-20,,,,0,0,895,54,-0.0088987764182424,-1.5818883314937908,0.0,1329.0,41,6,2
10.1371/journal.pone.0257279,2021,7,0,,2021-07-27,,,,0,0,175,16,-0.0088987764182424,-1.5818883314937908,0.0,1329.0,41,6,2
10.1371/journal.pone.0257279,2021,8,0,,2021-08-16,,,,0,0,256,21,-0.0088987764182424,-1.5818883314937908,0.0,1329.0,41,6,2
10.1371/journal.pone.0257279,2021,9,0,,2021-08-31,,,,0,0,0,0,-0.0088987764182424,-1.5818883314937908,0.0,1329.0,41,6,2
10.1371/journal.pone.0257381,2021,1,1,2020-06-18,2020-08-19,2020-09-01,62.0,13.0,20,2,1019,45,-3.318841060701603e-05,0.0807537647786713,0.0,4176.0,20,2,2
10.1371/journal.pone.0257381,2021,2,1,2020-09-01,2020-10-13,,42.0,,35,1,1758,63,-3.318841060701603e-05,0.0807537647786713,0.0,4176.0,20,2,2
10.1371/journal.pone.0257381,2021,3,1,,2021-06-22,,,,20,2,1938,70,-3.318841060701603e-05,0.0807537647786713,0.0,4176.0,20,2,2
10.1371/journal.pone.0257381,2021,4,1,,2021-08-09,,,,5,2,485,18,-3.318841060701603e-05,0.0807537647786713,0.0,4176.0,20,2,2
10.1371/journal.pone.0257381,2021,5,1,,2021-09-01,,,,4,2,0,0,-3.318841060701603e-05,0.0807537647786713,0.0,4176.0,20,2,2
10.1371/journal.pone.0259092,2021,1,1,2021-06-14,2021-07-07,2021-08-15,23.0,39.0,62,3,2527,108,-0.0029806259314456,-0.4720052506480149,0.0,1214.0,27,8,2
10.1371/journal.pone.0259092,2021,2,1,2021-08-15,2021-09-10,,26.0,,5,2,658,19,-0.0029806259314456,-0.4720052506480149,0.0,1214.0,27,8,2
10.1371/journal.pone.0259092,2021,3,1,,2021-10-13,,,,4,2,0,0,-0.0029806259314456,-0.4720052506480149,0.0,1214.0,27,8,2
10.1371/journal.pone.0260193,2021,1,1,2021-04-06,2021-04-30,2021-06-11,24.0,42.0,19,2,3037,99,1.7990465053521634e-05,0.0903517917837408,0.0,1603.0,55,6,2
10.1371/journal.pone.0260193,2021,2,1,2021-06-11,2021-08-16,,66.0,,12,2,1023,33,1.7990465053521634e-05,0.0903517917837408,0.0,1603.0,55,6,2
10.1371/journal.pone.0260193,2021,3,1,,2021-10-11,,,,5,2,745,29,1.7990465053521634e-05,0.0903517917837408,0.0,1603.0,55,6,2
10.1371/journal.pone.0260193,2021,4,0,,2021-11-05,,,,0,0,0,0,1.7990465053521634e-05,0.0903517917837408,0.0,1603.0,55,6,2
10.1371/journal.pone.0260259,2021,1,1,2021-02-04,2021-03-31,2021-05-30,55.0,60.0,31,2,3144,162,-2.749934689051135e-05,0.0818206851922176,0.0,1228.0,62,10,5
10.1371/journal.pone.0260259,2021,2,1,2021-05-30,2021-07-28,,59.0,,19,4,1562,93,-2.749934689051135e-05,0.0818206851922176,0.0,1228.0,62,10,5
10.1371/journal.pone.0260259,2021,3,1,,2021-09-13,,,,42,3,1513,70,-2.749934689051135e-05,0.0818206851922176,0.0,1228.0,62,10,5
10.1371/journal.pone.0260259,2021,4,1,,2021-11-08,,,,3,2,0,0,-2.749934689051135e-05,0.0818206851922176,0.0,1228.0,62,10,5
10.1371/journal.pone.0260597,2021,1,1,2021-03-18,2021-05-19,2021-06-15,62.0,27.0,116,4,4500,207,-2.545436033192485e-05,0.0822041996004767,0.0,1299.0,62,4,5
10.1371/journal.pone.0260597,2021,2,1,2021-06-15,2021-07-21,,36.0,,12,2,664,33,-2.545436033192485e-05,0.0822041996004767,0.0,1299.0,62,4,5
10.1371/journal.pone.0260597,2021,3,1,,2021-11-15,,,,5,2,0,0,-2.545436033192485e-05,0.0822041996004767,0.0,1299.0,62,4,5
10.1371/journal.pone.0261173,2021,1,1,2021-02-03,2021-04-09,2021-07-15,65.0,97.0,47,2,4035,177,-3.6234509747083125e-05,0.0801825028775619,0.0,1627.0,69,4,3
10.1371/journal.pone.0261173,2021,2,1,2021-07-15,2021-08-19,,35.0,,10,1,401,12,-3.6234509747083125e-05,0.0801825028775619,0.0,1627.0,69,4,3
10.1371/journal.pone.0261173,2021,3,1,,2021-09-28,,,,46,2,3514,178,-3.6234509747083125e-05,0.0801825028775619,0.0,1627.0,69,4,3
10.1371/journal.pone.0261173,2021,4,1,,2021-11-29,,,,8,2,0,0,-3.6234509747083125e-05,0.0801825028775619,0.0,1627.0,69,4,3
10.1371/journal.pone.0247226,2021,1,1,2020-06-02,2020-07-28,2020-09-22,56.0,56.0,110,3,3740,232,0.0032493907392363,0.696364852748848,1.0,4810.0,33,2,1
10.1371/journal.pone.0247226,2021,2,1,2020-09-22,2020-10-13,,21.0,,7,1,321,20,0.0032493907392363,0.696364852748848,1.0,4810.0,33,2,1
10.1371/journal.pone.0247226,2021,3,1,,2020-12-07,,,,14,1,499,29,0.0032493907392363,0.696364852748848,1.0,4810.0,33,2,1
10.1371/journal.pone.0247226,2021,4,1,,2021-01-25,,,,11,1,73,4,0.0032493907392363,0.696364852748848,1.0,4810.0,33,2,1
10.1371/journal.pone.0247226,2021,5,0,,2021-02-04,,,,0,0,0,0,0.0032493907392363,0.696364852748848,1.0,4810.0,33,2,1
10.1371/journal.pone.0249092,2021,1,1,2020-09-18,2020-11-02,2021-02-15,45.0,105.0,143,6,8127,315,0.0013333333333333,0.3370296683047615,1.0,2643.0,39,6,4
10.1371/journal.pone.0249092,2021,2,1,2021-02-15,2021-03-11,,24.0,,4,2,0,0,0.0013333333333333,0.3370296683047615,1.0,2643.0,39,6,4
10.1371/journal.pone.0250241,2021,1,1,2020-12-20,2021-02-01,2021-02-17,43.0,16.0,120,5,4139,257,0.0016626360338573,0.3987867149705741,1.0,927.0,32,3,3
10.1371/journal.pone.0250241,2021,2,1,2021-02-17,2021-03-22,,33.0,,14,2,454,26,0.0016626360338573,0.3987867149705741,1.0,927.0,32,3,3
10.1371/journal.pone.0250241,2021,3,0,,2021-04-05,,,,0,0,0,0,0.0016626360338573,0.3987867149705741,1.0,927.0,32,3,3
10.1371/journal.pone.0257487,2021,1,1,2020-08-30,2021-01-13,2021-03-30,136.0,76.0,73,2,3451,151,0.0068965517241379,1.3803491953730993,1.0,1324.0,14,7,5
10.1371/journal.pone.0257487,2021,2,1,2021-03-30,2021-05-27,,58.0,,20,2,874,35,0.0068965517241379,1.3803491953730993,1.0,1324.0,14,7,5
10.1371/journal.pone.0257487,2021,3,1,,2021-09-03,,,,3,1,0,0,0.0068965517241379,1.3803491953730993,1.0,1324.0,14,7,5
10.1371/journal.pone.0250310,2022,1,1,2021-03-26,2021-06-03,2021-08-31,69.0,89.0,34,3,2058,109,-0.0001271334583479,0.0631354194443521,0.0,2193.0,103,3,2
10.1371/journal.pone.0250310,2022,2,0,2021-08-31,2021-10-21,,51.0,,0,0,785,57,-0.0001271334583479,0.0631354194443521,0.0,2193.0,103,3,2
10.1371/journal.pone.0250310,2022,3,1,,2022-01-13,,,,41,2,984,64,-0.0001271334583479,0.0631354194443521,0.0,2193.0,103,3,2
10.1371/journal.pone.0250310,2022,4,1,,2022-02-15,,,,2,1,0,0,-0.0001271334583479,0.0631354194443521,0.0,2193.0,103,3,2
10.1371/journal.pone.0261659,2022,1,1,2021-02-08,2021-04-11,2021-07-02,62.0,82.0,54,4,4428,189,1.0393767896769096e-05,0.0889271160065027,0.0,2057.0,53,6,3
10.1371/journal.pone.0261659,2022,2,1,2021-07-02,2021-08-02,,31.0,,8,2,1223,61,1.0393767896769096e-05,0.0889271160065027,0.0,2057.0,53,6,3
10.1371/journal.pone.0261659,2022,3,1,,2021-10-04,,,,3,1,812,44,1.0393767896769096e-05,0.0889271160065027,0.0,2057.0,53,6,3
10.1371/journal.pone.0261659,2022,4,0,,2021-12-09,,,,0,0,0,0,1.0393767896769096e-05,0.0889271160065027,0.0,2057.0,53,6,3
10.1371/journal.pone.0262202,2022,1,1,2021-01-25,2021-03-15,2021-05-26,49.0,72.0,112,3,4700,233,0.0002146741723118,0.1272376262097152,0.0,1224.0,25,10,4
10.1371/journal.pone.0262202,2022,2,1,2021-05-26,2021-08-09,,75.0,,40,3,2713,122,0.0002146741723118,0.1272376262097152,0.0,1224.0,25,10,4
10.1371/journal.pone.0262202,2022,3,1,,2021-10-22,,,,10,2,446,25,0.0002146741723118,0.1272376262097152,0.0,1224.0,25,10,4
10.1371/journal.pone.0262202,2022,4,1,,2021-12-20,,,,2,1,0,0,0.0002146741723118,0.1272376262097152,0.0,1224.0,25,10,4
10.1371/journal.pone.0262397,2022,1,1,2020-10-23,2021-01-12,2021-06-25,81.0,164.0,33,3,20,2,0.0,0.0869778808255796,0.0,1176.0,10,7,2
10.1371/journal.pone.0262397,2022,2,1,2021-06-25,2021-07-22,,27.0,,18,3,1234,49,0.0,0.0869778808255796,0.0,1176.0,10,7,2
10.1371/journal.pone.0262397,2022,3,1,,2021-11-08,,,,28,2,242,9,0.0,0.0869778808255796,0.0,1176.0,10,7,2
10.1371/journal.pone.0262397,2022,4,0,,2021-12-23,,,,0,0,0,0,0.0,0.0869778808255796,0.0,1176.0,10,7,2
10.1371/journal.pone.0262417,2022,1,1,2021-02-05,2021-03-22,2021-07-25,45.0,125.0,134,3,6753,267,-0.0001003089515708,0.0681660563452482,0.0,1953.0,72,8,3
10.1371/journal.pone.0262417,2022,2,1,2021-07-25,2021-10-27,,94.0,,18,2,1229,38,-0.0001003089515708,0.0681660563452482,0.0,1953.0,72,8,3
10.1371/journal.pone.0262417,2022,3,0,,2021-12-24,,,,0,0,0,0,-0.0001003089515708,0.0681660563452482,0.0,1953.0,72,8,3
10.1371/journal.pone.0262727,2022,1,1,2020-06-23,2020-09-21,2020-12-28,90.0,98.0,41,2,2222,124,-0.0001487431206306,0.059082768433894,0.0,369.0,54,3,3
10.1371/journal.pone.0262727,2022,2,1,2020-12-28,2021-04-07,,100.0,,64,2,3474,207,-0.0001487431206306,0.059082768433894,0.0,369.0,54,3,3
10.1371/journal.pone.0262727,2022,3,1,,2021-10-05,,,,27,2,1744,108,-0.0001487431206306,0.059082768433894,0.0,369.0,54,3,3
10.1371/journal.pone.0262727,2022,4,1,,2022-01-05,,,,2,1,0,0,-0.0001487431206306,0.059082768433894,0.0,369.0,54,3,3
10.1371/journal.pone.0262731,2022,1,1,2021-02-05,2021-05-14,2021-08-29,98.0,107.0,65,3,2309,134,-0.0007659900421294,-0.0566750035937068,0.0,2984.0,35,12,7
10.1371/journal.pone.0262731,2022,2,1,2021-08-29,2021-09-28,,30.0,,44,2,1984,93,-0.0007659900421294,-0.0566750035937068,0.0,2984.0,35,12,7
10.1371/journal.pone.0262731,2022,3,1,,2021-11-23,,,,19,2,849,41,-0.0007659900421294,-0.0566750035937068,0.0,2984.0,35,12,7
10.1371/journal.pone.0262731,2022,4,1,,2022-01-05,,,,1,1,0,0,-0.0007659900421294,-0.0566750035937068,0.0,2984.0,35,12,7
10.1371/journal.pone.0264515,2022,1,1,2021-05-13,2021-06-24,2021-07-30,42.0,36.0,61,4,2100,152,0.0,0.0869778808255796,0.0,2020.0,41,6,2
10.1371/journal.pone.0264515,2022,2,1,2021-07-30,2021-09-03,,35.0,,20,3,328,25,0.0,0.0869778808255796,0.0,2020.0,41,6,2
10.1371/journal.pone.0264515,2022,3,1,,2021-12-09,,,,19,2,496,42,0.0,0.0869778808255796,0.0,2020.0,41,6,2
10.1371/journal.pone.0264515,2022,4,1,,2022-02-14,,,,5,1,0,0,0.0,0.0869778808255796,0.0,2020.0,41,6,2
10.1371/journal.pone.0264519,2022,1,1,2021-06-10,2021-10-09,2021-11-15,121.0,37.0,59,2,2492,122,-0.0001119758132243,0.0659780666372006,0.0,2796.0,55,4,3
10.1371/journal.pone.0264519,2022,2,1,2021-11-15,2022-01-20,,66.0,,33,2,1234,52,-0.0001119758132243,0.0659780666372006,0.0,2796.0,55,4,3
10.1371/journal.pone.0264519,2022,3,0,,2022-02-14,,,,0,0,0,0,-0.0001119758132243,0.0659780666372006,0.0,2796.0,55,4,3
10.1371/journal.pone.0264531,2022,1,1,2021-08-11,2021-09-28,2021-11-09,48.0,42.0,46,4,5154,273,0.0001337971635001,0.1120700457452135,0.0,681.0,38,6,3
10.1371/journal.pone.0264531,2022,2,1,2021-11-09,2021-12-04,,25.0,,17,4,602,33,0.0001337971635001,0.1120700457452135,0.0,681.0,38,6,3
10.1371/journal.pone.0264531,2022,3,1,,2022-01-04,,,,14,4,646,17,0.0001337971635001,0.1120700457452135,0.0,681.0,38,6,3
10.1371/journal.pone.0264531,2022,4,0,,2022-02-14,,,,0,0,0,0,0.0001337971635001,0.1120700457452135,0.0,681.0,38,6,3
10.1371/journal.pone.0266719,2022,1,1,2021-04-14,2021-06-27,2021-08-26,74.0,60.0,14,1,35,3,-0.0002869714941649,0.0331595795219495,0.0,2426.0,76,8,3
10.1371/journal.pone.0266719,2022,2,1,2021-08-26,2022-01-13,,140.0,,55,2,4290,168,-0.0002869714941649,0.0331595795219495,0.0,2426.0,76,8,3
10.1371/journal.pone.0266719,2022,3,1,,2022-02-28,,,,11,2,1084,37,-0.0002869714941649,0.0331595795219495,0.0,2426.0,76,8,3
10.1371/journal.pone.0266719,2022,4,1,,2022-03-09,,,,3,1,273,13,-0.0002869714941649,0.0331595795219495,0.0,2426.0,76,8,3
10.1371/journal.pone.0266719,2022,5,0,,2022-03-28,,,,0,0,0,0,-0.0002869714941649,0.0331595795219495,0.0,2426.0,76,8,3
10.1371/journal.pone.0267457,2022,1,1,2021-09-01,2021-09-20,2021-11-25,19.0,66.0,36,2,2008,116,0.0,0.0869778808255796,0.0,1648.0,100,0,0
10.1371/journal.pone.0267457,2022,2,1,2021-11-25,2021-12-07,,12.0,,11,2,915,54,0.0,0.0869778808255796,0.0,1648.0,100,0,0
10.1371/journal.pone.0267457,2022,3,1,,2022-01-31,,,,12,2,488,33,0.0,0.0869778808255796,0.0,1648.0,100,0,0
10.1371/journal.pone.0267457,2022,4,1,,2022-04-11,,,,5,2,0,0,0.0,0.0869778808255796,0.0,1648.0,100,0,0
10.1371/journal.pone.0267656,2022,1,1,2020-11-06,2021-01-12,2021-03-29,67.0,76.0,47,2,4222,190,0.0,0.0869778808255796,0.0,1877.0,57,3,1
10.1371/journal.pone.0267656,2022,2,1,2021-03-29,2022-03-08,,344.0,,54,3,6818,359,0.0,0.0869778808255796,0.0,1877.0,57,3,1
10.1371/journal.pone.0267656,2022,3,1,,2022-04-13,,,,3,2,0,0,0.0,0.0869778808255796,0.0,1877.0,57,3,1
10.1371/journal.pone.0268064,2022,1,1,2021-05-09,2021-07-05,2021-09-20,57.0,77.0,25,2,6857,470,-0.0003394433129667,0.0233190754591939,0.0,1578.0,63,9,1
10.1371/journal.pone.0268064,2022,2,1,2021-09-20,2021-10-11,,21.0,,38,2,913,54,-0.0003394433129667,0.0233190754591939,0.0,1578.0,63,9,1
10.1371/journal.pone.0268064,2022,3,1,,2021-12-07,,,,27,2,1312,74,-0.0003394433129667,0.0233190754591939,0.0,1578.0,63,9,1
10.1371/journal.pone.0268064,2022,4,1,,2022-04-11,,,,17,1,1623,82,-0.0003394433129667,0.0233190754591939,0.0,1578.0,63,9,1
10.1371/journal.pone.0268064,2022,5,1,,2022-04-22,,,,5,1,0,0,-0.0003394433129667,0.0233190754591939,0.0,1578.0,63,9,1
10.1371/journal.pone.0268849,2022,1,1,2022-05-06,2022-06-17,2022-08-07,42.0,51.0,83,4,6770,283,-0.0020682523267838,-0.30089976262713,0.0,1969.0,23,5,2
10.1371/journal.pone.0268849,2022,2,1,2022-08-07,2022-09-21,,45.0,,29,4,1946,70,-0.0020682523267838,-0.30089976262713,0.0,1969.0,23,5,2
10.1371/journal.pone.0268849,2022,3,0,,2022-10-25,,,,0,0,0,0,-0.0020682523267838,-0.30089976262713,0.0,1969.0,23,5,2
10.1371/journal.pone.0268986,2022,1,1,2021-02-11,2021-03-08,2021-09-02,25.0,178.0,56,3,4164,155,-0.0002115954295387,0.0472955192916456,0.0,4354.0,46,9,3
10.1371/journal.pone.0268986,2022,2,1,2021-09-02,2021-09-30,,28.0,,16,2,2164,81,-0.0002115954295387,0.0472955192916456,0.0,4354.0,46,9,3
10.1371/journal.pone.0268986,2022,3,1,,2022-02-14,,,,12,3,2155,75,-0.0002115954295387,0.0472955192916456,0.0,4354.0,46,9,3
10.1371/journal.pone.0268986,2022,4,1,,2022-05-13,,,,8,2,0,0,-0.0002115954295387,0.0472955192916456,0.0,4354.0,46,9,3
10.1371/journal.pone.0269301,2022,1,1,2021-05-04,2021-08-02,2021-10-07,90.0,66.0,24,2,5564,258,6.70331143584931e-05,0.0995491933748081,0.0,1403.0,32,19,10
10.1371/journal.pone.0269301,2022,2,0,2021-10-07,2021-10-22,,15.0,,0,0,953,52,6.70331143584931e-05,0.0995491933748081,0.0,1403.0,32,19,10
10.1371/journal.pone.0269301,2022,3,1,,2021-12-23,,,,21,1,5658,172,6.70331143584931e-05,0.0995491933748081,0.0,1403.0,32,19,10
10.1371/journal.pone.0269301,2022,4,1,,2022-03-03,,,,22,3,1110,59,6.70331143584931e-05,0.0995491933748081,0.0,1403.0,32,19,10
10.1371/journal.pone.0269301,2022,5,1,,2022-05-19,,,,6,3,0,0,6.70331143584931e-05,0.0995491933748081,0.0,1403.0,32,19,10
10.1371/journal.pone.0269712,2022,1,1,2020-12-10,2021-12-13,2022-02-04,368.0,53.0,48,2,2383,111,-0.0005074854097944,-0.0081953445534439,0.0,1780.0,31,12,12
10.1371/journal.pone.0269712,2022,2,1,2022-02-04,2022-03-18,,42.0,,43,4,2356,81,-0.0005074854097944,-0.0081953445534439,0.0,1780.0,31,12,12
10.1371/journal.pone.0269712,2022,3,1,,2022-05-27,,,,9,3,0,0,-0.0005074854097944,-0.0081953445534439,0.0,1780.0,31,12,12
10.1371/journal.pone.0270595,2022,1,1,2021-11-09,2022-01-20,2022-02-28,72.0,39.0,38,2,3889,181,0.000315192267283,0.1460886732008787,0.0,2803.0,26,6,2
10.1371/journal.pone.0270595,2022,2,1,2022-02-28,2022-04-04,,35.0,,13,1,2430,123,0.000315192267283,0.1460886732008787,0.0,2803.0,26,6,2
10.1371/journal.pone.0270595,2022,3,1,,2022-06-14,,,,2,1,0,0,0.000315192267283,0.1460886732008787,0.0,2803.0,26,6,2
10.1371/journal.pone.0271874,2022,1,1,2020-08-14,2021-09-13,2021-10-07,395.0,24.0,40,2,2906,168,5.923538959115734e-06,0.0880887744542767,0.0,848.0,82,7,4
10.1371/journal.pone.0271874,2022,2,1,2021-10-07,2022-04-08,,183.0,,14,2,620,32,5.923538959115734e-06,0.0880887744542767,0.0,848.0,82,7,4
10.1371/journal.pone.0271874,2022,3,1,,2022-07-11,,,,3,1,0,0,5.923538959115734e-06,0.0880887744542767,0.0,848.0,82,7,4
10.1371/journal.pone.0272034,2022,1,1,2020-11-30,2021-03-19,2021-04-26,109.0,38.0,29,5,1721,88,-0.0002442665219161,0.0411684205057457,0.0,1626.0,45,9,2
10.1371/journal.pone.0272034,2022,2,1,2021-04-26,2021-12-22,,240.0,,4,2,255,13,-0.0002442665219161,0.0411684205057457,0.0,1626.0,45,9,2
10.1371/journal.pone.0272034,2022,3,1,,2022-05-18,,,,2,1,968,61,-0.0002442665219161,0.0411684205057457,0.0,1626.0,45,9,2
10.1371/journal.pone.0272034,2022,4,0,,2022-07-13,,,,0,0,0,0,-0.0002442665219161,0.0411684205057457,0.0,1626.0,45,9,2
10.1371/journal.pone.0272153,2022,1,1,2021-07-05,2021-08-19,2022-03-08,45.0,201.0,51,3,3238,84,-5.863383172090296e-05,0.0759817600041553,0.0,8168.0,50,3,3
10.1371/journal.pone.0272153,2022,2,1,2022-03-08,2022-04-29,,52.0,,11,1,445,19,-5.863383172090296e-05,0.0759817600041553,0.0,8168.0,50,3,3
10.1371/journal.pone.0272153,2022,3,1,,2022-07-14,,,,1,1,0,0,-5.863383172090296e-05,0.0759817600041553,0.0,8168.0,50,3,3
10.1371/journal.pone.0273788,2022,1,1,2021-11-30,2022-04-05,2022-05-20,126.0,45.0,88,4,4347,219,0.0003461804754211,0.1519001658276605,0.0,1549.0,46,4,2
10.1371/journal.pone.0273788,2022,2,1,2022-05-20,2022-06-21,,32.0,,40,2,1119,71,0.0003461804754211,0.1519001658276605,0.0,1549.0,46,4,2
10.1371/journal.pone.0273788,2022,3,0,,2022-08-16,,,,0,0,0,0,0.0003461804754211,0.1519001658276605,0.0,1549.0,46,4,2
10.1371/journal.pone.0274613,2022,1,1,2022-04-07,2022-05-03,2022-06-20,26.0,48.0,16,2,1674,37,0.0003052037234854,0.1442154332777007,0.0,1724.0,18,5,3
10.1371/journal.pone.0274613,2022,2,1,2022-06-20,2022-07-06,,16.0,,18,2,1621,70,0.0003052037234854,0.1442154332777007,0.0,1724.0,18,5,3
10.1371/journal.pone.0274613,2022,3,1,,2022-07-25,,,,11,2,3059,91,0.0003052037234854,0.1442154332777007,0.0,1724.0,18,5,3
10.1371/journal.pone.0274613,2022,4,1,,2022-09-01,,,,4,2,0,0,0.0003052037234854,0.1442154332777007,0.0,1724.0,18,5,3
10.1371/journal.pone.0274755,2022,1,1,2021-02-19,2021-04-07,2021-09-08,47.0,154.0,53,2,2671,120,-1.4442727364635538e-05,0.0842693084803783,0.0,2140.0,37,8,2
10.1371/journal.pone.0274755,2022,2,1,2021-09-08,2021-09-27,,19.0,,11,2,373,24,-1.4442727364635538e-05,0.0842693084803783,0.0,2140.0,37,8,2
10.1371/journal.pone.0274755,2022,3,1,,2022-02-03,,,,37,1,1537,64,-1.4442727364635538e-05,0.0842693084803783,0.0,2140.0,37,8,2
10.1371/journal.pone.0274755,2022,4,1,,2022-09-04,,,,3,2,0,0,-1.4442727364635538e-05,0.0842693084803783,0.0,2140.0,37,8,2
10.1371/journal.pone.0275239,2022,1,1,2021-11-14,2022-04-21,2022-05-26,158.0,35.0,31,2,1241,76,-0.0025690430314707,-0.3948174707720712,0.0,960.0,34,9,2
10.1371/journal.pone.0275239,2022,2,1,2022-05-26,2022-07-21,,56.0,,17,4,1434,67,-0.0025690430314707,-0.3948174707720712,0.0,960.0,34,9,2
10.1371/journal.pone.0275239,2022,3,0,,2022-09-12,,,,0,0,0,0,-0.0025690430314707,-0.3948174707720712,0.0,960.0,34,9,2
10.1371/journal.pone.0275517,2022,1,1,2021-08-12,2021-12-06,2022-04-28,116.0,143.0,132,4,4978,268,0.0,0.0869778808255796,0.0,2290.0,31,5,3
10.1371/journal.pone.0275517,2022,2,1,2022-04-28,2022-06-18,,51.0,,40,3,1782,102,0.0,0.0869778808255796,0.0,2290.0,31,5,3
10.1371/journal.pone.0275517,2022,3,0,,2022-09-20,,,,0,0,0,0,0.0,0.0869778808255796,0.0,2290.0,31,5,3
10.1371/journal.pone.0275959,2022,1,1,2020-09-28,2021-03-27,2021-05-13,180.0,47.0,39,1,4323,153,0.0,0.0869778808255796,0.0,1823.0,54,5,1
10.1371/journal.pone.0275959,2022,2,1,2021-05-13,2022-05-17,,369.0,,83,2,4985,170,0.0,0.0869778808255796,0.0,1823.0,54,5,1
10.1371/journal.pone.0275959,2022,3,1,,2022-08-23,,,,28,3,2090,74,0.0,0.0869778808255796,0.0,1823.0,54,5,1
10.1371/journal.pone.0275959,2022,4,0,,2022-09-27,,,,0,0,0,0,0.0,0.0869778808255796,0.0,1823.0,54,5,1
10.1371/journal.pone.0275964,2022,1,1,2021-08-16,2022-04-08,2022-05-10,235.0,32.0,26,2,1337,78,0.0,0.0869778808255796,0.0,1032.0,22,0,0
10.1371/journal.pone.0275964,2022,2,1,2022-05-10,2022-06-22,,43.0,,36,2,1786,107,0.0,0.0869778808255796,0.0,1032.0,22,0,0
10.1371/journal.pone.0275964,2022,3,1,,2022-08-26,,,,15,2,893,51,0.0,0.0869778808255796,0.0,1032.0,22,0,0
10.1371/journal.pone.0275964,2022,4,1,,2022-09-27,,,,3,1,0,0,0.0,0.0869778808255796,0.0,1032.0,22,0,0
10.1371/journal.pone.0276855,2022,1,1,2021-10-27,2022-06-20,2022-07-19,236.0,29.0,20,1,1083,61,-0.0002408767915211,0.0418041266140024,0.0,1511.0,26,9,5
10.1371/journal.pone.0276855,2022,2,1,2022-07-19,2022-08-11,,23.0,,5,1,380,23,-0.0002408767915211,0.0418041266140024,0.0,1511.0,26,9,5
10.1371/journal.pone.0276855,2022,3,1,,2022-10-04,,,,13,4,628,35,-0.0002408767915211,0.0418041266140024,0.0,1511.0,26,9,5
10.1371/journal.pone.0276855,2022,4,1,,2022-10-17,,,,8,3,0,0,-0.0002408767915211,0.0418041266140024,0.0,1511.0,26,9,5
10.1371/journal.pone.0276962,2022,1,1,2021-10-26,2022-06-22,2022-09-01,239.0,71.0,77,4,6003,271,-1.3826477704804702e-05,0.0843848792271089,0.0,1102.0,57,4,3
10.1371/journal.pone.0276962,2022,2,1,2022-09-01,2022-10-06,,35.0,,7,2,292,16,-1.3826477704804702e-05,0.0843848792271089,0.0,1102.0,57,4,3
10.1371/journal.pone.0276962,2022,3,1,,2022-10-18,,,,2,2,0,0,-1.3826477704804702e-05,0.0843848792271089,0.0,1102.0,57,4,3
10.1371/journal.pone.0277191,2022,1,1,2022-06-16,2022-08-05,2022-09-14,50.0,40.0,48,3,2566,133,-0.0011065006915629,-0.1205339760036162,0.0,3225.0,53,5,1
10.1371/journal.pone.0277191,2022,2,1,2022-09-14,2022-10-17,,33.0,,2,2,315,16,-0.0011065006915629,-0.1205339760036162,0.0,3225.0,53,5,1
10.1371/journal.pone.0277191,2022,3,0,,2022-10-24,,,,0,0,0,0,-0.0011065006915629,-0.1205339760036162,0.0,3225.0,53,5,1
10.1371/journal.pone.0278983,2022,1,1,2021-07-06,2022-01-10,2022-02-17,188.0,38.0,15,2,832,35,-0.0001270002540005,0.0631604004332276,0.0,721.0,23,4,5
10.1371/journal.pone.0278983,2022,2,1,2022-02-17,2022-09-20,,215.0,,34,4,1102,54,-0.0001270002540005,0.0631604004332276,0.0,721.0,23,4,5
10.1371/journal.pone.0278983,2022,3,1,,2022-11-29,,,,3,2,0,0,-0.0001270002540005,0.0631604004332276,0.0,721.0,23,4,5
10.1371/journal.pone.0279569,2022,1,1,2021-11-01,2022-01-07,2022-03-30,67.0,82.0,112,4,3823,212,6.319514661274014e-05,0.0988294253534733,0.0,1691.0,40,10,2
10.1371/journal.pone.0279569,2022,2,1,2022-03-30,2022-09-07,,161.0,,39,2,1997,50,6.319514661274014e-05,0.0988294253534733,0.0,1691.0,40,10,2
10.1371/journal.pone.0279569,2022,3,1,,2022-12-12,,,,1,1,0,0,6.319514661274014e-05,0.0988294253534733,0.0,1691.0,40,10,2
10.1371/journal.pone.0250754,2022,1,1,2021-04-16,2021-06-18,2021-07-23,63.0,35.0,118,4,3342,194,0.0011929107021131,0.3106949708504052,1.0,1322.0,19,2,2
10.1371/journal.pone.0250754,2022,2,1,2021-07-23,2021-08-19,,27.0,,59,4,2812,147,0.0011929107021131,0.3106949708504052,1.0,1322.0,19,2,2
10.1371/journal.pone.0250754,2022,3,1,,2021-10-28,,,,43,4,1975,102,0.0011929107021131,0.3106949708504052,1.0,1322.0,19,2,2
10.1371/journal.pone.0250754,2022,4,1,,2022-01-03,,,,4,1,0,0,0.0011929107021131,0.3106949708504052,1.0,1322.0,19,2,2
10.1371/journal.pone.0267711,2022,1,1,2021-06-03,2021-07-21,2022-01-17,48.0,180.0,97,3,4666,181,0.0057142857142857,1.1586283985935266,1.0,665.0,27,2,2
10.1371/journal.pone.0267711,2022,2,1,2022-01-17,2022-02-11,,25.0,,23,2,1800,79,0.0057142857142857,1.1586283985935266,1.0,665.0,27,2,2
10.1371/journal.pone.0267711,2022,3,1,,2022-04-11,,,,3,1,218,10,0.0057142857142857,1.1586283985935266,1.0,665.0,27,2,2
10.1371/journal.pone.0267711,2022,4,1,,2022-04-14,,,,3,1,0,0,0.0057142857142857,1.1586283985935266,1.0,665.0,27,2,2
10.1371/journal.pone.0268739,2022,1,1,2021-03-17,2021-05-24,2021-08-31,68.0,99.0,53,3,3300,125,0.0012562814070351,0.3225794393800769,1.0,1786.0,24,3,3
10.1371/journal.pone.0268739,2022,2,1,2021-08-31,2021-11-01,,62.0,,5,3,843,36,0.0012562814070351,0.3225794393800769,1.0,1786.0,24,3,3
10.1371/journal.pone.0268739,2022,3,1,,2022-01-13,,,,11,3,1350,51,0.0012562814070351,0.3225794393800769,1.0,1786.0,24,3,3
10.1371/journal.pone.0268739,2022,4,1,,2022-05-09,,,,3,2,0,0,0.0012562814070351,0.3225794393800769,1.0,1786.0,24,3,3
10.1371/journal.pone.0268756,2022,1,1,2020-11-11,2021-09-09,2021-10-12,302.0,33.0,86,5,2744,184,0.0638297872340425,12.05754217504203,1.0,2268.0,20,5,3
10.1371/journal.pone.0268756,2022,2,1,2021-10-12,2021-11-01,,20.0,,16,3,525,29,0.0638297872340425,12.05754217504203,1.0,2268.0,20,5,3
10.1371/journal.pone.0268756,2022,3,1,,2022-03-15,,,,9,3,553,28,0.0638297872340425,12.05754217504203,1.0,2268.0,20,5,3
10.1371/journal.pone.0268756,2022,4,0,,2022-05-09,,,,0,0,0,0,0.0638297872340425,12.05754217504203,1.0,2268.0,20,5,3
10.1371/journal.pone.0275096,2022,1,1,2021-10-28,2021-12-19,2022-07-01,52.0,194.0,53,2,2760,84,0.0023255813953488,0.5231147194520638,1.0,1240.0,26,7,5
10.1371/journal.pone.0275096,2022,2,1,2022-07-01,2022-08-18,,48.0,,14,1,548,16,0.0023255813953488,0.5231147194520638,1.0,1240.0,26,7,5
10.1371/journal.pone.0275096,2022,3,1,,2022-09-12,,,,2,1,0,0,0.0023255813953488,0.5231147194520638,1.0,1240.0,26,7,5
10.1371/journal.pone.0247740,2023,1,1,2021-02-22,2021-08-17,2022-03-25,176.0,220.0,47,2,26,2,0.0,0.0869778808255796,0.0,2102.0,32,5,2
10.1371/journal.pone.0247740,2023,2,1,2022-03-25,2022-10-05,,194.0,,42,6,1785,93,0.0,0.0869778808255796,0.0,2102.0,32,5,2
10.1371/journal.pone.0247740,2023,3,1,,2023-04-20,,,,17,3,583,27,0.0,0.0869778808255796,0.0,2102.0,32,5,2
10.1371/journal.pone.0247740,2023,4,1,,2023-08-03,,,,7,3,0,0,0.0,0.0869778808255796,0.0,2102.0,32,5,2
10.1371/journal.pone.0267870,2023,1,1,2022-04-14,2022-05-30,2022-08-10,46.0,72.0,23,2,3623,155,0.0,0.0869778808255796,0.0,3637.0,60,4,1
10.1371/journal.pone.0267870,2023,2,1,2022-08-10,2022-09-02,,23.0,,17,2,776,28,0.0,0.0869778808255796,0.0,3637.0,60,4,1
10.1371/journal.pone.0267870,2023,3,1,,2023-01-12,,,,20,2,700,37,0.0,0.0869778808255796,0.0,3637.0,60,4,1
10.1371/journal.pone.0267870,2023,4,1,,2023-04-27,,,,2,1,0,0,0.0,0.0869778808255796,0.0,3637.0,60,4,1
10.1371/journal.pone.0272752,2023,1,1,2022-07-25,2022-09-14,2022-12-15,51.0,92.0,41,2,2214,125,-0.0009088155104513,-0.0834603263322892,0.0,3389.0,51,4,1
10.1371/journal.pone.0272752,2023,2,1,2022-12-15,2023-02-15,,62.0,,20,3,1226,67,-0.0009088155104513,-0.0834603263322892,0.0,3389.0,51,4,1
10.1371/journal.pone.0272752,2023,3,1,,2023-04-24,,,,5,2,678,48,-0.0009088155104513,-0.0834603263322892,0.0,3389.0,51,4,1
10.1371/journal.pone.0272752,2023,4,0,,2023-05-11,,,,0,0,0,0,-0.0009088155104513,-0.0834603263322892,0.0,3389.0,51,4,1
10.1371/journal.pone.0276951,2023,1,1,2022-10-15,2023-01-31,2023-04-10,108.0,69.0,134,4,4580,205,-0.0006024096385542,-0.0259973243607974,0.0,2080.0,71,2,1
10.1371/journal.pone.0276951,2023,2,1,2023-04-10,2023-04-18,,8.0,,17,2,0,0,-0.0006024096385542,-0.0259973243607974,0.0,2080.0,71,2,1
10.1371/journal.pone.0279425,2023,1,1,2022-01-14,2022-02-24,2022-04-14,41.0,49.0,132,2,5554,316,0.0001751313485113,0.119821810879748,0.0,2303.0,39,2,1
10.1371/journal.pone.0279425,2023,2,1,2022-04-14,2022-04-29,,15.0,,42,1,2094,127,0.0001751313485113,0.119821810879748,0.0,2303.0,39,2,1
10.1371/journal.pone.0279425,2023,3,1,,2022-07-13,,,,45,2,1350,73,0.0001751313485113,0.119821810879748,0.0,2303.0,39,2,1
10.1371/journal.pone.0279425,2023,4,1,,2022-10-11,,,,8,1,269,17,0.0001751313485113,0.119821810879748,0.0,2303.0,39,2,1
10.1371/journal.pone.0279425,2023,5,0,,2022-12-07,,,,0,0,0,0,0.0001751313485113,0.119821810879748,0.0,2303.0,39,2,1
10.1371/journal.pone.0279873,2023,1,1,2021-07-04,2021-09-23,2021-11-04,81.0,42.0,49,2,3848,185,0.0,0.0869778808255796,0.0,1414.0,31,0,0
10.1371/journal.pone.0279873,2023,2,1,2021-11-04,2022-07-08,,246.0,,22,2,1590,76,0.0,0.0869778808255796,0.0,1414.0,31,0,0
10.1371/journal.pone.0279873,2023,3,1,,2022-09-20,,,,6,1,420,24,0.0,0.0869778808255796,0.0,1414.0,31,0,0
10.1371/journal.pone.0279873,2023,4,1,,2022-10-17,,,,2,1,922,42,0.0,0.0869778808255796,0.0,1414.0,31,0,0
10.1371/journal.pone.0279873,2023,5,1,,2022-12-19,,,,2,1,0,0,0.0,0.0869778808255796,0.0,1414.0,31,0,0
10.1371/journal.pone.0280501,2023,1,1,2022-09-30,2022-10-31,2022-12-16,31.0,46.0,115,4,4695,247,-0.0006581112207963,-0.0364435345145895,0.0,4513.0,98,3,5
10.1371/journal.pone.0280501,2023,2,1,2022-12-16,2023-01-03,,18.0,,5,2,0,0,-0.0006581112207963,-0.0364435345145895,0.0,4513.0,98,3,5
10.1371/journal.pone.0281062,2023,1,1,2022-10-07,2022-11-09,2022-12-19,33.0,40.0,87,3,6588,300,-0.0005783689994216,-0.0214887707703609,0.0,2517.0,37,3,1
10.1371/journal.pone.0281062,2023,2,1,2022-12-19,2023-01-04,,16.0,,22,1,1897,82,-0.0005783689994216,-0.0214887707703609,0.0,2517.0,37,3,1
10.1371/journal.pone.0281062,2023,3,0,,2023-01-17,,,,0,0,0,0,-0.0005783689994216,-0.0214887707703609,0.0,2517.0,37,3,1
10.1371/journal.pone.0281348,2023,1,1,2022-02-10,2022-05-17,2022-07-20,96.0,64.0,55,3,4216,173,-0.0001140510948905,0.0655888707195835,0.0,3325.0,64,3,2
10.1371/journal.pone.0281348,2023,2,1,2022-07-20,2022-08-15,,26.0,,2,2,3709,150,-0.0001140510948905,0.0655888707195835,0.0,3325.0,64,3,2
10.1371/journal.pone.0281348,2023,3,1,,2022-12-15,,,,17,2,856,62,-0.0001140510948905,0.0655888707195835,0.0,3325.0,64,3,2
10.1371/journal.pone.0281348,2023,4,0,,2023-01-23,,,,0,0,0,0,-0.0001140510948905,0.0655888707195835,0.0,3325.0,64,3,2
10.1371/journal.pone.0281660,2023,1,1,2022-11-08,2022-12-06,2023-01-13,28.0,38.0,97,5,3812,217,0.0002129925452609,0.126922255822252,0.0,1993.0,24,12,3
10.1371/journal.pone.0281660,2023,2,1,2023-01-13,2023-01-30,,17.0,,7,3,0,0,0.0002129925452609,0.126922255822252,0.0,1993.0,24,12,3
10.1371/journal.pone.0283400,2023,1,1,2023-03-07,2023-05-04,2023-06-10,58.0,37.0,47,6,1766,106,-0.0006681812107443,-0.0383320487543857,0.0,1379.0,42,5,3
10.1371/journal.pone.0283400,2023,2,1,2023-06-10,2023-07-05,,25.0,,6,3,0,0,-0.0006681812107443,-0.0383320487543857,0.0,1379.0,42,5,3
10.1371/journal.pone.0284124,2023,1,1,2022-02-17,2022-03-23,2022-08-11,34.0,141.0,121,3,4352,284,-0.0022099447513812,-0.3274725956592599,0.0,2808.0,44,6,2
10.1371/journal.pone.0284124,2023,2,1,2022-08-11,2022-08-31,,20.0,,12,1,3539,239,-0.0022099447513812,-0.3274725956592599,0.0,2808.0,44,6,2
10.1371/journal.pone.0284124,2023,3,1,,2022-12-06,,,,28,2,1702,115,-0.0022099447513812,-0.3274725956592599,0.0,2808.0,44,6,2
10.1371/journal.pone.0284124,2023,4,1,,2023-02-28,,,,8,2,322,19,-0.0022099447513812,-0.3274725956592599,0.0,2808.0,44,6,2
10.1371/journal.pone.0284124,2023,5,1,,2023-03-27,,,,6,2,0,0,-0.0022099447513812,-0.3274725956592599,0.0,2808.0,44,6,2
10.1371/journal.pone.0284219,2023,1,1,2022-06-02,2022-08-11,2022-09-02,70.0,22.0,9,2,999,43,0.0,0.0869778808255796,0.0,1433.0,44,6,7
10.1371/journal.pone.0284219,2023,2,0,2022-09-02,2022-09-15,,13.0,,0,0,997,43,0.0,0.0869778808255796,0.0,1433.0,44,6,7
10.1371/journal.pone.0284219,2023,3,1,,2023-03-06,,,,64,3,1770,102,0.0,0.0869778808255796,0.0,1433.0,44,6,7
10.1371/journal.pone.0284219,2023,4,1,,2023-03-27,,,,8,3,0,0,0.0,0.0869778808255796,0.0,1433.0,44,6,7
10.1371/journal.pone.0284802,2023,1,1,2022-09-23,2022-11-21,2022-12-21,59.0,30.0,62,3,1802,115,0.0,0.0869778808255796,0.0,701.0,21,0,0
10.1371/journal.pone.0284802,2023,2,1,2022-12-21,2023-03-07,,76.0,,33,3,1294,74,0.0,0.0869778808255796,0.0,701.0,21,0,0
10.1371/journal.pone.0284802,2023,3,1,,2023-04-10,,,,8,2,0,0,0.0,0.0869778808255796,0.0,701.0,21,0,0
10.1371/journal.pone.0284936,2023,1,1,2022-06-08,2022-08-17,2022-09-29,70.0,43.0,46,2,2966,130,0.0,0.0869778808255796,0.0,906.0,88,0,0
10.1371/journal.pone.0284936,2023,2,1,2022-09-29,2022-10-19,,20.0,,21,2,1625,78,0.0,0.0869778808255796,0.0,906.0,88,0,0
10.1371/journal.pone.0284936,2023,3,1,,2023-01-23,,,,38,2,2501,96,0.0,0.0869778808255796,0.0,906.0,88,0,0
10.1371/journal.pone.0284936,2023,4,1,,2023-03-30,,,,4,1,222,10,0.0,0.0869778808255796,0.0,906.0,88,0,0
10.1371/journal.pone.0284936,2023,5,0,,2023-04-12,,,,0,0,0,0,0.0,0.0869778808255796,0.0,906.0,88,0,0
10.1371/journal.pone.0285872,2023,1,1,2022-07-28,2022-10-10,2022-11-24,74.0,45.0,73,3,5336,320,-0.0001396696812039,0.0607843907443169,0.0,4086.0,41,5,3
10.1371/journal.pone.0285872,2023,2,1,2022-11-24,2023-01-18,,55.0,,4,2,3826,190,-0.0001396696812039,0.0607843907443169,0.0,4086.0,41,5,3
10.1371/journal.pone.0285872,2023,3,1,,2023-03-22,,,,47,1,2987,145,-0.0001396696812039,0.0607843907443169,0.0,4086.0,41,5,3
10.1371/journal.pone.0285872,2023,4,1,,2023-05-04,,,,3,1,0,0,-0.0001396696812039,0.0607843907443169,0.0,4086.0,41,5,3
10.1371/journal.pone.0287305,2023,1,1,2022-02-06,2022-12-21,2023-02-01,318.0,42.0,14,1,1035,46,-4.8195093739457326e-05,0.0779394288226208,0.0,1919.0,70,6,3
10.1371/journal.pone.0287305,2023,2,1,2023-02-01,2023-04-12,,70.0,,68,5,4697,261,-4.8195093739457326e-05,0.0779394288226208,0.0,1919.0,70,6,3
10.1371/journal.pone.0287305,2023,3,1,,2023-06-05,,,,15,2,0,0,-4.8195093739457326e-05,0.0779394288226208,0.0,1919.0,70,6,3
10.1371/journal.pone.0287921,2023,1,1,2022-12-02,2023-01-26,2023-05-02,55.0,96.0,78,4,5731,269,-0.0005546311702717,-0.0170370058130048,0.0,1756.0,79,8,6
10.1371/journal.pone.0287921,2023,2,1,2023-05-02,2023-06-15,,44.0,,5,3,0,0,-0.0005546311702717,-0.0170370058130048,0.0,1756.0,79,8,6
10.1371/journal.pone.0288326,2023,1,1,2023-03-27,2023-05-10,2023-05-22,44.0,12.0,65,4,6366,295,0.0,0.0869778808255796,0.0,2594.0,48,5,1
10.1371/journal.pone.0288326,2023,2,1,2023-05-22,2023-06-18,,27.0,,8,3,711,41,0.0,0.0869778808255796,0.0,2594.0,48,5,1
10.1371/journal.pone.0288326,2023,3,1,,2023-06-26,,,,3,1,0,0,0.0,0.0869778808255796,0.0,2594.0,48,5,1
10.1371/journal.pone.0288825,2023,1,1,2023-02-07,2023-04-24,2023-06-07,76.0,44.0,77,3,3812,271,-0.0003542330853701,0.0205454186897835,0.0,6046.0,104,2,2
10.1371/journal.pone.0288825,2023,2,1,2023-06-07,2023-06-19,,12.0,,9,2,754,49,-0.0003542330853701,0.0205454186897835,0.0,6046.0,104,2,2
10.1371/journal.pone.0288825,2023,3,0,,2023-07-05,,,,0,0,0,0,-0.0003542330853701,0.0205454186897835,0.0,6046.0,104,2,2
10.1371/journal.pone.0290636,2023,1,1,2022-10-25,2023-01-04,2023-03-08,71.0,63.0,37,3,2705,129,-0.0009009009009009,-0.0819760296333312,0.0,804.0,31,5,2
10.1371/journal.pone.0290636,2023,2,1,2023-03-08,2023-06-14,,98.0,,7,2,1886,114,-0.0009009009009009,-0.0819760296333312,0.0,804.0,31,5,2
10.1371/journal.pone.0290636,2023,3,1,,2023-08-13,,,,2,1,0,0,-0.0009009009009009,-0.0819760296333312,0.0,804.0,31,5,2
10.1371/journal.pone.0291096,2023,1,1,2023-04-28,2023-06-04,2023-08-08,37.0,65.0,73,5,7700,318,0.0,0.0869778808255796,0.0,1765.0,37,0,0
10.1371/journal.pone.0291096,2023,2,1,2023-08-08,2023-08-22,,14.0,,7,2,0,0,0.0,0.0869778808255796,0.0,1765.0,37,0,0
10.1371/journal.pone.0291124,2023,1,1,2022-09-07,2022-11-23,2022-12-23,77.0,30.0,16,2,9,1,0.0,0.0869778808255796,0.0,2938.0,53,0,0
10.1371/journal.pone.0291124,2023,2,1,2022-12-23,2023-03-21,,88.0,,34,2,2234,108,0.0,0.0869778808255796,0.0,2938.0,53,0,0
10.1371/journal.pone.0291124,2023,3,1,,2023-08-15,,,,11,1,2871,134,0.0,0.0869778808255796,0.0,2938.0,53,0,0
10.1371/journal.pone.0291124,2023,4,0,,2023-08-23,,,,0,0,0,0,0.0,0.0869778808255796,0.0,2938.0,53,0,0
10.1371/journal.pone.0291391,2023,1,1,2023-01-06,2023-01-27,2023-02-18,21.0,22.0,60,3,1698,86,-9.136592051164915e-05,0.0698432220216151,0.0,810.0,18,2,1
10.1371/journal.pone.0291391,2023,2,1,2023-02-18,2023-03-09,,19.0,,13,1,563,30,-9.136592051164915e-05,0.0698432220216151,0.0,810.0,18,2,1
10.1371/journal.pone.0291391,2023,3,1,,2023-04-19,,,,8,3,21,2,-9.136592051164915e-05,0.0698432220216151,0.0,810.0,18,2,1
10.1371/journal.pone.0291391,2023,4,0,,2023-06-05,,,,0,0,674,30,-9.136592051164915e-05,0.0698432220216151,0.0,810.0,18,2,1
10.1371/journal.pone.0291391,2023,5,1,,2023-08-17,,,,39,4,1139,65,-9.136592051164915e-05,0.0698432220216151,0.0,810.0,18,2,1
10.1371/journal.pone.0291391,2023,6,0,,2023-08-29,,,,0,0,0,0,-9.136592051164915e-05,0.0698432220216151,0.0,810.0,18,2,1
10.1371/journal.pone.0291962,2023,1,1,2022-07-03,2022-12-13,2023-02-01,163.0,50.0,45,2,2210,107,-0.0017761989342806,-0.2461284080010403,0.0,1946.0,17,8,2
10.1371/journal.pone.0291962,2023,2,1,2023-02-01,2023-04-28,,86.0,,21,1,989,55,-0.0017761989342806,-0.2461284080010403,0.0,1946.0,17,8,2
10.1371/journal.pone.0291962,2023,3,1,,2023-08-15,,,,46,3,1522,78,-0.0017761989342806,-0.2461284080010403,0.0,1946.0,17,8,2
10.1371/journal.pone.0291962,2023,4,0,,2023-09-10,,,,0,0,0,0,-0.0017761989342806,-0.2461284080010403,0.0,1946.0,17,8,2
10.1371/journal.pone.0293593,2023,1,1,2023-02-27,2023-06-18,2023-08-22,111.0,65.0,42,5,3405,181,0.0,0.0869778808255796,0.0,1507.0,24,0,0
10.1371/journal.pone.0293593,2023,2,1,2023-08-22,2023-09-13,,22.0,,15,5,529,33,0.0,0.0869778808255796,0.0,1507.0,24,0,0
10.1371/journal.pone.0293593,2023,3,1,,2023-10-17,,,,2,1,0,0,0.0,0.0869778808255796,0.0,1507.0,24,0,0
10.1371/journal.pone.0294022,2023,1,1,2022-08-18,2022-09-19,2022-10-11,32.0,22.0,30,2,4170,189,-4.966476285075739e-05,0.0776638087814081,0.0,1476.0,24,21,12
10.1371/journal.pone.0294022,2023,2,1,2022-10-11,2022-12-01,,51.0,,27,1,6586,282,-4.966476285075739e-05,0.0776638087814081,0.0,1476.0,24,21,12
10.1371/journal.pone.0294022,2023,3,1,,2023-10-25,,,,16,2,0,0,-4.966476285075739e-05,0.0776638087814081,0.0,1476.0,24,21,12
10.1371/journal.pone.0294054,2023,1,1,2023-01-25,2023-03-20,2023-05-16,54.0,57.0,17,1,3701,159,-0.0001096310913775,0.066417793053901,0.0,2823.0,51,14,2
10.1371/journal.pone.0294054,2023,2,1,2023-05-16,2023-06-22,,37.0,,49,3,4249,190,-0.0001096310913775,0.066417793053901,0.0,2823.0,51,14,2
10.1371/journal.pone.0294054,2023,3,1,,2023-09-19,,,,13,2,23,1,-0.0001096310913775,0.066417793053901,0.0,2823.0,51,14,2
10.1371/journal.pone.0294054,2023,4,1,,2023-10-25,,,,3,1,0,0,-0.0001096310913775,0.066417793053901,0.0,2823.0,51,14,2
10.1371/journal.pone.0294107,2023,1,1,2022-06-20,2022-08-15,2022-10-28,56.0,74.0,61,2,2626,151,-0.0004482294935006,0.0029174412875424,0.0,1052.0,22,4,1
10.1371/journal.pone.0294107,2023,2,1,2022-10-28,2023-02-05,,100.0,,19,2,223,10,-0.0004482294935006,0.0029174412875424,0.0,1052.0,22,4,1
10.1371/journal.pone.0294107,2023,3,1,,2023-05-04,,,,37,2,382,17,-0.0004482294935006,0.0029174412875424,0.0,1052.0,22,4,1
10.1371/journal.pone.0294107,2023,4,1,,2023-07-21,,,,12,1,494,24,-0.0004482294935006,0.0029174412875424,0.0,1052.0,22,4,1
10.1371/journal.pone.0294107,2023,5,0,,2023-10-02,,,,0,0,236,9,-0.0004482294935006,0.0029174412875424,0.0,1052.0,22,4,1
10.1371/journal.pone.0294107,2023,6,0,,2023-10-26,,,,0,0,0,0,-0.0004482294935006,0.0029174412875424,0.0,1052.0,22,4,1
10.1371/journal.pone.0294513,2023,1,1,2023-07-04,2023-08-01,2023-09-18,28.0,48.0,26,3,1410,76,0.0,0.0869778808255796,0.0,878.0,25,0,0
10.1371/journal.pone.0294513,2023,2,1,2023-09-18,2023-10-03,,15.0,,16,2,913,47,0.0,0.0869778808255796,0.0,878.0,25,0,0
10.1371/journal.pone.0294513,2023,3,0,,2023-11-03,,,,0,0,0,0,0.0,0.0869778808255796,0.0,878.0,25,0,0
10.1371/journal.pone.0295234,2023,1,1,2023-01-28,2023-02-24,2023-03-08,27.0,12.0,61,3,2000,141,-0.000789515237644,-0.0610868914856241,0.0,927.0,53,4,4
10.1371/journal.pone.0295234,2023,2,1,2023-03-08,2023-04-03,,26.0,,17,2,3228,211,-0.000789515237644,-0.0610868914856241,0.0,927.0,53,4,4
10.1371/journal.pone.0295234,2023,3,1,,2023-07-07,,,,34,3,1052,78,-0.000789515237644,-0.0610868914856241,0.0,927.0,53,4,4
10.1371/journal.pone.0295234,2023,4,1,,2023-11-20,,,,3,1,0,0,-0.000789515237644,-0.0610868914856241,0.0,927.0,53,4,4
10.1371/journal.pone.0295661,2023,1,1,2023-04-20,2023-06-30,2023-07-24,71.0,24.0,40,3,2013,120,0.0,0.0869778808255796,0.0,381.0,8,0,0
10.1371/journal.pone.0295661,2023,2,1,2023-07-24,2023-09-11,,49.0,,19,2,1390,60,0.0,0.0869778808255796,0.0,381.0,8,0,0
10.1371/journal.pone.0295661,2023,3,1,,2023-11-28,,,,2,1,0,0,0.0,0.0869778808255796,0.0,381.0,8,0,0
10.1371/journal.pone.0270542,2023,1,1,2020-12-11,2021-03-03,2021-05-31,82.0,89.0,18,1,29,2,0.0012729844413012,0.3257119070610003,1.0,1803.0,112,5,3
10.1371/journal.pone.0270542,2023,2,1,2021-05-31,2021-07-30,,60.0,,44,1,2669,102,0.0012729844413012,0.3257119070610003,1.0,1803.0,112,5,3
10.1371/journal.pone.0270542,2023,3,1,,2022-03-07,,,,5,1,125,2,0.0012729844413012,0.3257119070610003,1.0,1803.0,112,5,3
10.1371/journal.pone.0270542,2023,4,0,,2022-06-14,,,,0,0,0,0,0.0012729844413012,0.3257119070610003,1.0,1803.0,112,5,3
10.1371/journal.pone.0288778,2023,1,1,2022-11-24,2022-12-28,2023-02-10,34.0,44.0,22,2,4135,155,0.0012106537530266,0.3140224820475963,1.0,2944.0,23,6,6
10.1371/journal.pone.0288778,2023,2,1,2023-02-10,2023-05-09,,88.0,,34,3,4122,171,0.0012106537530266,0.3140224820475963,1.0,2944.0,23,6,6
10.1371/journal.pone.0288778,2023,3,1,,2023-07-04,,,,11,2,0,0,0.0012106537530266,0.3140224820475963,1.0,2944.0,23,6,6
10.1371/journal.pone.0289128,2023,1,1,2023-02-27,2023-03-22,2023-05-05,23.0,44.0,125,5,5016,258,0.0037950664136622,0.7987002360794287,1.0,4368.0,52,6,1
10.1371/journal.pone.0289128,2023,2,1,2023-05-05,2023-06-13,,39.0,,42,5,3484,167,0.0037950664136622,0.7987002360794287,1.0,4368.0,52,6,1
10.1371/journal.pone.0289128,2023,3,1,,2023-07-12,,,,6,2,0,0,0.0037950664136622,0.7987002360794287,1.0,4368.0,52,6,1
10.1371/journal.pone.0289744,2023,1,1,2022-11-01,2022-12-26,2023-02-01,55.0,37.0,35,1,3072,143,0.0016353229762878,0.3936644558204925,1.0,2121.0,33,8,5
10.1371/journal.pone.0289744,2023,2,1,2023-02-01,2023-05-16,,104.0,,40,2,2578,156,0.0016353229762878,0.3936644558204925,1.0,2121.0,33,8,5
10.1371/journal.pone.0289744,2023,3,1,,2023-06-09,,,,2,1,379,24,0.0016353229762878,0.3936644558204925,1.0,2121.0,33,8,5
10.1371/journal.pone.0289744,2023,4,1,,2023-07-26,,,,2,1,0,0,0.0016353229762878,0.3936644558204925,1.0,2121.0,33,8,5
10.1371/journal.pone.0280366,2024,1,1,2022-12-27,2023-03-23,2023-05-18,86.0,56.0,84,2,5710,241,-0.0023346303501945,-0.3508559883013938,0.0,5246.0,103,13,10
10.1371/journal.pone.0280366,2024,2,1,2023-05-18,2023-09-26,,131.0,,96,3,5594,288,-0.0023346303501945,-0.3508559883013938,0.0,5246.0,103,13,10
10.1371/journal.pone.0280366,2024,3,1,,2023-12-21,,,,4,1,0,0,-0.0023346303501945,-0.3508559883013938,0.0,5246.0,103,13,10
10.1371/journal.pone.0288233,2024,1,1,2022-05-10,2022-07-06,2022-10-06,57.0,92.0,57,3,5075,195,0.0003176620076238,0.1465518454409986,0.0,1101.0,26,5,2
10.1371/journal.pone.0288233,2024,2,1,2022-10-06,2022-12-13,,68.0,,23,1,2679,103,0.0003176620076238,0.1465518454409986,0.0,1101.0,26,5,2
10.1371/journal.pone.0288233,2024,3,1,,2023-04-28,,,,9,1,469,14,0.0003176620076238,0.1465518454409986,0.0,1101.0,26,5,2
10.1371/journal.pone.0288233,2024,4,1,,2023-06-22,,,,4,1,0,0,0.0003176620076238,0.1465518454409986,0.0,1101.0,26,5,2
10.1371/journal.pone.0289576,2024,1,1,2023-07-21,2023-10-08,2023-11-24,79.0,47.0,12,3,887,37,0.0002015316404675,0.1247728910249632,0.0,691.0,19,10,4
10.1371/journal.pone.0289576,2024,2,1,2023-11-24,2024-01-17,,54.0,,34,4,1232,66,0.0002015316404675,0.1247728910249632,0.0,691.0,19,10,4
10.1371/journal.pone.0289576,2024,3,1,,2024-04-02,,,,6,2,0,0,0.0002015316404675,0.1247728910249632,0.0,691.0,19,10,4
10.1371/journal.pone.0293451,2024,1,1,2023-03-24,2023-05-22,2023-07-05,59.0,44.0,69,3,1447,70,-0.001092001092001,-0.117814737912477,0.0,3280.0,41,4,2
10.1371/journal.pone.0293451,2024,2,1,2023-07-05,2023-08-07,,33.0,,8,3,278,15,-0.001092001092001,-0.117814737912477,0.0,3280.0,41,4,2
10.1371/journal.pone.0293451,2024,3,1,,2023-10-13,,,,1,1,0,0,-0.001092001092001,-0.117814737912477,0.0,3280.0,41,4,2
10.1371/journal.pone.0294739,2024,1,1,2023-04-04,2023-06-14,2023-07-24,71.0,40.0,64,2,6029,212,0.0,0.0869778808255796,0.0,2328.0,46,3,3
10.1371/journal.pone.0294739,2024,2,1,2023-07-24,2023-08-17,,24.0,,55,2,30,2,0.0,0.0869778808255796,0.0,2328.0,46,3,3
10.1371/journal.pone.0294739,2024,3,1,,2023-10-18,,,,4,2,694,27,0.0,0.0869778808255796,0.0,2328.0,46,3,3
10.1371/journal.pone.0294739,2024,4,0,,2023-11-08,,,,0,0,0,0,0.0,0.0869778808255796,0.0,2328.0,46,3,3
10.1371/journal.pone.0295230,2024,1,1,2022-12-14,2023-03-16,2023-09-16,92.0,184.0,74,6,4570,186,-0.0001518141794443,0.0585068256245294,0.0,9277.0,77,5,4
10.1371/journal.pone.0295230,2024,2,1,2023-09-16,2023-10-23,,37.0,,7,3,1151,51,-0.0001518141794443,0.0585068256245294,0.0,9277.0,77,5,4
10.1371/journal.pone.0295230,2024,3,1,,2023-11-20,,,,2,1,0,0,-0.0001518141794443,0.0585068256245294,0.0,9277.0,77,5,4
10.1371/journal.pone.0296789,2024,1,1,2023-05-24,2023-07-02,2023-08-11,39.0,40.0,68,6,1829,91,-7.393988687197309e-05,0.0731112801668202,0.0,878.0,24,3,1
10.1371/journal.pone.0296789,2024,2,1,2023-08-11,2023-09-18,,38.0,,41,5,793,42,-7.393988687197309e-05,0.0731112801668202,0.0,878.0,24,3,1
10.1371/journal.pone.0296789,2024,3,1,,2023-10-09,,,,7,1,375,22,-7.393988687197309e-05,0.0731112801668202,0.0,878.0,24,3,1
10.1371/journal.pone.0296789,2024,4,1,,2023-12-19,,,,1,1,0,0,-7.393988687197309e-05,0.0731112801668202,0.0,878.0,24,3,1
10.1371/journal.pone.0297156,2024,1,1,2021-10-21,2022-05-16,2022-07-14,207.0,59.0,11,3,1413,65,0.0,0.0869778808255796,0.0,2281.0,34,0,0
10.1371/journal.pone.0297156,2024,2,1,2022-07-14,2022-10-26,,104.0,,2,2,1595,87,0.0,0.0869778808255796,0.0,2281.0,34,0,0
10.1371/journal.pone.0297156,2024,3,1,,2023-05-23,,,,67,3,4408,197,0.0,0.0869778808255796,0.0,2281.0,34,0,0
10.1371/journal.pone.0297156,2024,4,1,,2023-11-30,,,,16,2,1180,45,0.0,0.0869778808255796,0.0,2281.0,34,0,0
10.1371/journal.pone.0297156,2024,5,1,,2024-01-02,,,,5,2,0,0,0.0,0.0869778808255796,0.0,2281.0,34,0,0
10.1371/journal.pone.0297742,2024,1,1,2023-05-25,2023-06-28,2023-08-20,34.0,53.0,19,2,1627,94,-0.0010893246187363,-0.1173127952194932,0.0,2532.0,25,6,2
10.1371/journal.pone.0297742,2024,2,1,2023-08-20,2023-10-04,,45.0,,96,2,3120,177,-0.0010893246187363,-0.1173127952194932,0.0,2532.0,25,6,2
10.1371/journal.pone.0297742,2024,3,1,,2024-01-12,,,,6,2,0,0,-0.0010893246187363,-0.1173127952194932,0.0,2532.0,25,6,2
10.1371/journal.pone.0298102,2024,1,1,2023-06-22,2023-07-24,2023-09-10,32.0,48.0,60,3,2390,121,0.0,0.0869778808255796,0.0,938.0,35,0,0
10.1371/journal.pone.0298102,2024,2,1,2023-09-10,2023-12-18,,99.0,,1,1,585,52,0.0,0.0869778808255796,0.0,938.0,35,0,0
10.1371/journal.pone.0298102,2024,3,1,,2024-04-17,,,,13,2,1084,58,0.0,0.0869778808255796,0.0,938.0,35,0,0
10.1371/journal.pone.0298102,2024,4,0,,2024-06-18,,,,0,0,0,0,0.0,0.0869778808255796,0.0,938.0,35,0,0
10.1371/journal.pone.0299092,2024,1,1,2023-06-26,2023-07-11,2023-08-13,15.0,33.0,34,2,1093,70,0.0,0.0869778808255796,0.0,1801.0,20,0,0
10.1371/journal.pone.0299092,2024,2,1,2023-08-13,2023-09-22,,40.0,,8,1,348,30,0.0,0.0869778808255796,0.0,1801.0,20,0,0
10.1371/journal.pone.0299092,2024,3,1,,2023-12-26,,,,19,2,965,68,0.0,0.0869778808255796,0.0,1801.0,20,0,0
10.1371/journal.pone.0299092,2024,4,1,,2024-02-06,,,,2,1,0,0,0.0,0.0869778808255796,0.0,1801.0,20,0,0
10.1371/journal.pone.0300179,2024,1,1,2022-11-10,2023-01-23,2023-03-29,74.0,65.0,23,2,679,29,0.0003585514521333,0.1542202044574723,0.0,3230.0,51,2,2
10.1371/journal.pone.0300179,2024,2,1,2023-03-29,2023-06-14,,77.0,,31,2,1586,57,0.0003585514521333,0.1542202044574723,0.0,3230.0,51,2,2
10.1371/journal.pone.0300179,2024,3,1,,2023-10-16,,,,41,3,2083,76,0.0003585514521333,0.1542202044574723,0.0,3230.0,51,2,2
10.1371/journal.pone.0300179,2024,4,1,,2024-02-23,,,,16,2,0,0,0.0003585514521333,0.1542202044574723,0.0,3230.0,51,2,2
10.1371/journal.pone.0300648,2024,1,1,2023-04-02,2023-05-09,2023-07-21,37.0,73.0,113,2,7350,389,0.0003619254433586,0.1548529588600913,0.0,1228.0,53,6,2
10.1371/journal.pone.0300648,2024,2,1,2023-07-21,2024-01-09,,172.0,,6,2,10041,528,0.0003619254433586,0.1548529588600913,0.0,1228.0,53,6,2
10.1371/journal.pone.0300648,2024,3,1,,2024-03-01,,,,1,1,0,0,0.0003619254433586,0.1548529588600913,0.0,1228.0,53,6,2
10.1371/journal.pone.0300821,2024,1,1,2023-09-08,2023-10-04,2023-11-02,26.0,29.0,45,3,3155,168,0.0,0.0869778808255796,0.0,1016.0,30,0,0
10.1371/journal.pone.0300821,2024,2,1,2023-11-02,2023-12-06,,34.0,,5,2,897,63,0.0,0.0869778808255796,0.0,1016.0,30,0,0
10.1371/journal.pone.0300821,2024,3,1,,2024-02-27,,,,7,1,325,12,0.0,0.0869778808255796,0.0,1016.0,30,0,0
10.1371/journal.pone.0300821,2024,4,0,,2024-03-06,,,,0,0,0,0,0.0,0.0869778808255796,0.0,1016.0,30,0,0
10.1371/journal.pone.0301052,2024,1,1,2022-07-19,2022-08-23,2022-11-21,35.0,90.0,71,3,3947,203,0.0,0.0869778808255796,0.0,3832.0,71,0,0
10.1371/journal.pone.0301052,2024,2,1,2022-11-21,2023-03-07,,106.0,,2,1,185,13,0.0,0.0869778808255796,0.0,3832.0,71,0,0
10.1371/journal.pone.0301052,2024,3,1,,2023-07-27,,,,21,1,757,31,0.0,0.0869778808255796,0.0,3832.0,71,0,0
10.1371/journal.pone.0301052,2024,4,1,,2023-12-05,,,,27,2,1268,80,0.0,0.0869778808255796,0.0,3832.0,71,0,0
10.1371/journal.pone.0301052,2024,5,1,,2024-02-20,,,,3,1,755,42,0.0,0.0869778808255796,0.0,3832.0,71,0,0
10.1371/journal.pone.0301052,2024,6,1,,2024-03-11,,,,2,1,0,0,0.0,0.0869778808255796,0.0,3832.0,71,0,0
10.1371/journal.pone.0301535,2024,1,1,2023-03-01,2023-04-19,2023-06-13,49.0,55.0,15,1,1481,64,-0.0001403508771929,0.060656640038312,0.0,693.0,35,5,4
10.1371/journal.pone.0301535,2024,2,1,2023-06-13,2023-11-13,,153.0,,55,5,2240,105,-0.0001403508771929,0.060656640038312,0.0,693.0,35,5,4
10.1371/journal.pone.0301535,2024,3,1,,2024-01-11,,,,44,3,2012,89,-0.0001403508771929,0.060656640038312,0.0,693.0,35,5,4
10.1371/journal.pone.0301535,2024,4,1,,2024-03-08,,,,6,3,2042,90,-0.0001403508771929,0.060656640038312,0.0,693.0,35,5,4
10.1371/journal.pone.0301535,2024,5,0,,2024-03-18,,,,0,0,0,0,-0.0001403508771929,0.060656640038312,0.0,693.0,35,5,4
10.1371/journal.pone.0301693,2024,1,1,2023-09-23,2023-11-20,2024-01-22,58.0,63.0,46,2,1739,69,0.0,0.0869778808255796,0.0,3580.0,19,0,0
10.1371/journal.pone.0301693,2024,2,1,2024-01-22,2024-02-07,,16.0,,55,3,2405,92,0.0,0.0869778808255796,0.0,3580.0,19,0,0
10.1371/journal.pone.0301693,2024,3,1,,2024-03-20,,,,6,2,0,0,0.0,0.0869778808255796,0.0,3580.0,19,0,0
10.1371/journal.pone.0302298,2024,1,1,2021-07-03,2022-06-28,2022-09-08,360.0,72.0,9,1,1259,73,0.0,0.0869778808255796,0.0,1305.0,24,0,0
10.1371/journal.pone.0302298,2024,2,1,2022-09-08,2022-12-02,,85.0,,18,4,415,26,0.0,0.0869778808255796,0.0,1305.0,24,0,0
10.1371/journal.pone.0302298,2024,3,1,,2023-01-11,,,,6,2,290,13,0.0,0.0869778808255796,0.0,1305.0,24,0,0
10.1371/journal.pone.0302298,2024,4,1,,2023-02-07,,,,9,2,1200,42,0.0,0.0869778808255796,0.0,1305.0,24,0,0
10.1371/journal.pone.0302298,2024,5,1,,2023-04-10,,,,24,2,1507,64,0.0,0.0869778808255796,0.0,1305.0,24,0,0
10.1371/journal.pone.0302298,2024,6,1,,2023-07-24,,,,12,1,735,33,0.0,0.0869778808255796,0.0,1305.0,24,0,0
10.1371/journal.pone.0302298,2024,7,1,,2023-10-02,,,,9,2,674,34,0.0,0.0869778808255796,0.0,1305.0,24,0,0
10.1371/journal.pone.0302298,2024,8,1,,2024-02-12,,,,31,1,1312,55,0.0,0.0869778808255796,0.0,1305.0,24,0,0
10.1371/journal.pone.0302298,2024,9,1,,2024-04-02,,,,4,2,0,0,0.0,0.0869778808255796,0.0,1305.0,24,0,0
10.1371/journal.pone.0303885,2024,1,1,2023-03-29,2023-07-20,2023-09-13,113.0,55.0,43,2,2317,81,-0.0003059039461609,0.0296090094247267,0.0,1474.0,43,9,5
10.1371/journal.pone.0303885,2024,2,1,2023-09-13,2024-02-23,,163.0,,18,3,928,29,-0.0003059039461609,0.0296090094247267,0.0,1474.0,43,9,5
10.1371/journal.pone.0303885,2024,3,0,,2024-05-03,,,,0,0,0,0,-0.0003059039461609,0.0296090094247267,0.0,1474.0,43,9,5
10.1371/journal.pone.0305100,2024,1,1,2023-02-22,2023-07-05,2023-08-18,133.0,44.0,20,2,1304,52,0.0,0.0869778808255796,0.0,1409.0,44,0,0
10.1371/journal.pone.0305100,2024,2,1,2023-08-18,2023-10-16,,59.0,,6,2,403,18,0.0,0.0869778808255796,0.0,1409.0,44,0,0
10.1371/journal.pone.0305100,2024,3,1,,2024-02-20,,,,31,3,792,41,0.0,0.0869778808255796,0.0,1409.0,44,0,0
10.1371/journal.pone.0305100,2024,4,1,,2024-05-16,,,,6,2,151,10,0.0,0.0869778808255796,0.0,1409.0,44,0,0
10.1371/journal.pone.0305100,2024,5,0,,2024-05-24,,,,0,0,0,0,0.0,0.0869778808255796,0.0,1409.0,44,0,0
10.1371/journal.pone.0305716,2024,1,1,2022-10-31,2023-02-08,2023-06-01,100.0,113.0,62,2,2540,126,0.0,0.0869778808255796,0.0,2914.0,46,0,0
10.1371/journal.pone.0305716,2024,2,1,2023-06-01,2023-06-19,,18.0,,82,2,2654,134,0.0,0.0869778808255796,0.0,2914.0,46,0,0
10.1371/journal.pone.0305716,2024,3,1,,2024-02-22,,,,19,2,1078,34,0.0,0.0869778808255796,0.0,2914.0,46,0,0
10.1371/journal.pone.0305716,2024,4,1,,2024-05-07,,,,8,2,592,23,0.0,0.0869778808255796,0.0,2914.0,46,0,0
10.1371/journal.pone.0305716,2024,5,0,,2024-06-05,,,,0,0,0,0,0.0,0.0869778808255796,0.0,2914.0,46,0,0
10.1371/journal.pone.0305987,2024,1,1,2023-08-07,2023-12-26,2024-03-17,141.0,82.0,62,3,2528,144,0.0,0.0869778808255796,0.0,1501.0,23,0,0
10.1371/journal.pone.0305987,2024,2,1,2024-03-17,2024-04-16,,30.0,,28,2,2339,107,0.0,0.0869778808255796,0.0,1501.0,23,0,0
10.1371/journal.pone.0305987,2024,3,1,,2024-05-13,,,,15,1,1852,96,0.0,0.0869778808255796,0.0,1501.0,23,0,0
10.1371/journal.pone.0305987,2024,4,1,,2024-06-10,,,,2,1,0,0,0.0,0.0869778808255796,0.0,1501.0,23,0,0
10.1371/journal.pone.0306169,2024,1,1,2023-02-08,2023-03-28,2023-05-22,48.0,55.0,31,3,2585,116,0.0,0.0869778808255796,0.0,632.0,36,0,0
10.1371/journal.pone.0306169,2024,2,1,2023-05-22,2023-07-11,,50.0,,25,2,27,2,0.0,0.0869778808255796,0.0,632.0,36,0,0
10.1371/journal.pone.0306169,2024,3,1,,2023-10-06,,,,30,1,67,4,0.0,0.0869778808255796,0.0,632.0,36,0,0
10.1371/journal.pone.0306169,2024,4,1,,2023-12-05,,,,20,1,1092,54,0.0,0.0869778808255796,0.0,632.0,36,0,0
10.1371/journal.pone.0306169,2024,5,1,,2024-03-05,,,,7,1,412,20,0.0,0.0869778808255796,0.0,632.0,36,0,0
10.1371/journal.pone.0306169,2024,6,1,,2024-06-12,,,,1,1,0,0,0.0,0.0869778808255796,0.0,632.0,36,0,0
10.1371/journal.pone.0306549,2024,1,1,2023-08-16,2023-12-07,2024-01-18,113.0,42.0,28,3,2448,133,0.0,0.0869778808255796,0.0,2795.0,62,0,0
10.1371/journal.pone.0306549,2024,2,1,2024-01-18,2024-02-28,,41.0,,41,5,120,8,0.0,0.0869778808255796,0.0,2795.0,62,0,0
10.1371/journal.pone.0306549,2024,3,1,,2024-05-21,,,,2,1,866,47,0.0,0.0869778808255796,0.0,2795.0,62,0,0
10.1371/journal.pone.0306549,2024,4,1,,2024-06-11,,,,4,1,258,16,0.0,0.0869778808255796,0.0,2795.0,62,0,0
10.1371/journal.pone.0306549,2024,5,0,,2024-06-19,,,,0,0,0,0,0.0,0.0869778808255796,0.0,2795.0,62,0,0
10.1371/journal.pone.0306912,2024,1,1,2023-09-27,2023-10-22,2023-12-15,25.0,54.0,83,5,2433,136,0.0,0.0869778808255796,0.0,1867.0,85,0,0
10.1371/journal.pone.0306912,2024,2,1,2023-12-15,2024-02-14,,61.0,,16,2,2361,136,0.0,0.0869778808255796,0.0,1867.0,85,0,0
10.1371/journal.pone.0306912,2024,3,1,,2024-06-14,,,,15,2,2260,134,0.0,0.0869778808255796,0.0,1867.0,85,0,0
10.1371/journal.pone.0306912,2024,4,0,,2024-06-26,,,,0,0,0,0,0.0,0.0869778808255796,0.0,1867.0,85,0,0
10.1371/journal.pone.0307654,2024,1,1,2024-02-28,2024-03-26,2024-06-10,27.0,76.0,48,4,2412,112,0.0001670006680026,0.118296992483781,0.0,2203.0,67,6,4
10.1371/journal.pone.0307654,2024,2,1,2024-06-10,2024-06-24,,14.0,,8,2,481,23,0.0001670006680026,0.118296992483781,0.0,2203.0,67,6,4
10.1371/journal.pone.0307654,2024,3,1,,2024-07-10,,,,1,1,0,0,0.0001670006680026,0.118296992483781,0.0,2203.0,67,6,4
10.1371/journal.pone.0308498,2024,1,1,2022-08-26,2023-02-02,2023-03-24,160.0,50.0,11,1,310,18,0.0,0.0869778808255796,0.0,1805.0,25,0,0
10.1371/journal.pone.0308498,2024,2,1,2023-03-24,2023-11-13,,234.0,,52,3,1200,65,0.0,0.0869778808255796,0.0,1805.0,25,0,0
10.1371/journal.pone.0308498,2024,3,1,,2024-05-14,,,,35,4,340,17,0.0,0.0869778808255796,0.0,1805.0,25,0,0
10.1371/journal.pone.0308498,2024,4,1,,2024-07-25,,,,5,2,0,0,0.0,0.0869778808255796,0.0,1805.0,25,0,0
10.1371/journal.pone.0308554,2024,1,1,2023-09-29,2024-01-08,2024-02-27,101.0,50.0,60,2,2267,111,0.0,0.0869778808255796,0.0,3677.0,44,0,0
10.1371/journal.pone.0308554,2024,2,1,2024-02-27,2024-04-08,,41.0,,37,2,2588,114,0.0,0.0869778808255796,0.0,3677.0,44,0,0
10.1371/journal.pone.0308554,2024,3,1,,2024-05-31,,,,14,1,748,35,0.0,0.0869778808255796,0.0,3677.0,44,0,0
10.1371/journal.pone.0308554,2024,4,1,,2024-07-26,,,,2,1,0,0,0.0,0.0869778808255796,0.0,3677.0,44,0,0
10.1371/journal.pone.0308853,2024,1,1,2023-11-29,2024-01-08,2024-02-21,40.0,44.0,87,3,2529,149,0.0,0.0869778808255796,0.0,1788.0,44,0,0
10.1371/journal.pone.0308853,2024,2,1,2024-02-21,2024-04-01,,40.0,,28,2,2457,116,0.0,0.0869778808255796,0.0,1788.0,44,0,0
10.1371/journal.pone.0308853,2024,3,1,,2024-06-24,,,,41,1,1431,72,0.0,0.0869778808255796,0.0,1788.0,44,0,0
10.1371/journal.pone.0308853,2024,4,0,,2024-08-01,,,,0,0,0,0,0.0,0.0869778808255796,0.0,1788.0,44,0,0
10.1371/journal.pone.0309650,2024,1,1,2023-11-28,2024-02-15,2024-03-16,79.0,30.0,22,2,1527,78,0.0,0.0869778808255796,0.0,816.0,33,0,0
10.1371/journal.pone.0309650,2024,2,1,2024-03-16,2024-05-09,,54.0,,27,2,1990,99,0.0,0.0869778808255796,0.0,816.0,33,0,0
10.1371/journal.pone.0309650,2024,3,1,,2024-07-19,,,,128,2,15,2,0.0,0.0869778808255796,0.0,816.0,33,0,0
10.1371/journal.pone.0309650,2024,4,1,,2024-08-16,,,,3,2,0,0,0.0,0.0869778808255796,0.0,816.0,33,0,0
10.1371/journal.pone.0310717,2024,1,1,2023-06-29,2023-08-29,2023-09-25,61.0,27.0,69,2,2672,109,0.0,0.0869778808255796,0.0,940.0,75,0,0
10.1371/journal.pone.0310717,2024,2,1,2023-09-25,2024-04-05,,193.0,,33,2,2720,116,0.0,0.0869778808255796,0.0,940.0,75,0,0
10.1371/journal.pone.0310717,2024,3,1,,2024-07-03,,,,4,2,1346,65,0.0,0.0869778808255796,0.0,940.0,75,0,0
10.1371/journal.pone.0310717,2024,4,0,,2024-09-05,,,,0,0,0,0,0.0,0.0869778808255796,0.0,940.0,75,0,0
10.1371/journal.pone.0312341,2024,1,1,2021-04-21,2021-11-09,2021-11-23,202.0,14.0,21,2,953,47,0.0,0.0869778808255796,0.0,1161.0,66,0,0
10.1371/journal.pone.0312341,2024,2,1,2021-11-23,2022-06-09,,198.0,,51,2,2057,85,0.0,0.0869778808255796,0.0,1161.0,66,0,0
10.1371/journal.pone.0312341,2024,3,0,,2022-08-11,,,,0,0,272,15,0.0,0.0869778808255796,0.0,1161.0,66,0,0
10.1371/journal.pone.0312341,2024,4,1,,2022-10-11,,,,32,2,1054,52,0.0,0.0869778808255796,0.0,1161.0,66,0,0
10.1371/journal.pone.0312341,2024,5,1,,2023-06-06,,,,21,2,2605,126,0.0,0.0869778808255796,0.0,1161.0,66,0,0
10.1371/journal.pone.0312341,2024,6,1,,2024-08-27,,,,14,1,675,30,0.0,0.0869778808255796,0.0,1161.0,66,0,0
10.1371/journal.pone.0312341,2024,7,0,,2024-10-07,,,,0,0,0,0,0.0,0.0869778808255796,0.0,1161.0,66,0,0
10.1371/journal.pone.0314862,2024,1,1,2024-06-28,2024-08-28,2024-09-12,61.0,15.0,47,4,2461,106,0.0,0.0869778808255796,0.0,572.0,45,0,0
10.1371/journal.pone.0314862,2024,2,1,2024-09-12,2024-10-14,,32.0,,21,2,1060,52,0.0,0.0869778808255796,0.0,572.0,45,0,0
10.1371/journal.pone.0314862,2024,3,1,,2024-11-19,,,,2,1,0,0,0.0,0.0869778808255796,0.0,572.0,45,0,0
10.1371/journal.pone.0315349,2024,1,1,2023-09-13,2023-12-14,2024-01-31,92.0,48.0,26,2,2349,117,0.0,0.0869778808255796,0.0,1295.0,57,0,0
10.1371/journal.pone.0315349,2024,2,1,2024-01-31,2024-04-17,,77.0,,76,4,2370,131,0.0,0.0869778808255796,0.0,1295.0,57,0,0
10.1371/journal.pone.0315349,2024,3,1,,2024-07-24,,,,30,2,2390,109,0.0,0.0869778808255796,0.0,1295.0,57,0,0
10.1371/journal.pone.0315349,2024,4,1,,2024-10-04,,,,7,2,508,26,0.0,0.0869778808255796,0.0,1295.0,57,0,0
10.1371/journal.pone.0315349,2024,5,1,,2024-11-25,,,,3,1,0,0,0.0,0.0869778808255796,0.0,1295.0,57,0,0
10.1371/journal.pone.0315805,2024,1,1,2024-01-12,2024-03-22,2024-04-25,70.0,34.0,6,3,880,48,0.0,0.0869778808255796,0.0,822.0,58,0,0
10.1371/journal.pone.0315805,2024,2,1,2024-04-25,2024-08-06,,103.0,,12,3,509,33,0.0,0.0869778808255796,0.0,822.0,58,0,0
10.1371/journal.pone.0315805,2024,3,1,,2024-09-29,,,,3,1,240,13,0.0,0.0869778808255796,0.0,822.0,58,0,0
10.1371/journal.pone.0315805,2024,4,1,,2024-11-22,,,,33,1,1129,54,0.0,0.0869778808255796,0.0,822.0,58,0,0
10.1371/journal.pone.0315805,2024,5,1,,2024-12-03,,,,5,2,0,0,0.0,0.0869778808255796,0.0,822.0,58,0,0
10.1371/journal.pone.0316178,2024,1,1,2024-04-06,2024-06-07,2024-08-26,62.0,80.0,36,3,2467,111,0.0,0.0869778808255796,0.0,1508.0,39,0,0
10.1371/journal.pone.0316178,2024,2,1,2024-08-26,2024-10-17,,52.0,,13,3,2184,126,0.0,0.0869778808255796,0.0,1508.0,39,0,0
10.1371/journal.pone.0316178,2024,3,1,,2024-12-09,,,,2,1,0,0,0.0,0.0869778808255796,0.0,1508.0,39,0,0
10.1371/journal.pone.0297665,2024,1,1,2022-12-19,2023-02-20,2023-04-19,63.0,58.0,26,2,1996,83,0.0004960317460317,0.1800030993818166,1.0,2186.0,19,3,1
10.1371/journal.pone.0297665,2024,2,1,2023-04-19,2023-06-14,,56.0,,98,2,1387,56,0.0004960317460317,0.1800030993818166,1.0,2186.0,19,3,1
10.1371/journal.pone.0297665,2024,3,1,,2024-01-10,,,,9,3,0,0,0.0004960317460317,0.1800030993818166,1.0,2186.0,19,3,1
10.1371/journal.pone.0307767,2024,1,1,2023-08-04,2023-10-19,2023-11-20,76.0,32.0,19,1,1658,81,0.000526870389884,0.1857865428958428,1.0,1440.0,32,3,1
10.1371/journal.pone.0307767,2024,2,1,2023-11-20,2024-01-19,,60.0,,26,2,1232,75,0.000526870389884,0.1857865428958428,1.0,1440.0,32,3,1
10.1371/journal.pone.0307767,2024,3,1,,2024-05-02,,,,21,4,978,63,0.000526870389884,0.1857865428958428,1.0,1440.0,32,3,1
10.1371/journal.pone.0307767,2024,4,1,,2024-07-11,,,,1,1,0,0,0.000526870389884,0.1857865428958428,1.0,1440.0,32,3,1
